Protocollo;Gruppo;DataOraIncidente;Localizzazione1;STRADA1;Localizzazione2;STRADA2;Strada02;Chilometrica;DaSpecificare;NaturaIncidente;particolaritastrade;TipoStrada;FondoStradale;Pavimentazione;Segnaletica;CondizioneAtmosferica;Traffico;Visibilita;Illuminazione;NUM_FERITI;NUM_RISERVATA;NUM_MORTI;NUM_ILLESI;Longitudine;Latitudine;Confermato;Progressivo;TipoVeicolo;StatoVeicolo;TipoPersona;Sesso;Tipolesione;Deceduto;DecedutoDopo;CinturaCascoUtilizzato;Airbag
1901553;5;04/02/2012 20:00;Strada Urbana;VIA TIBURTINA;in prossimità;;del civico n. ;1423;;Tamponamento;Rettilineo;Una carreggiata a doppio senso;Ghiacciato;Asfaltata;Orizzontale;Nuvoloso;Normale;Sufficiente;Insufficiente;0;0;0;2;;;-1;2;Autovettura privata;In marcia / fermata / arresto;Conducente;M;Illeso;0;;Non accertato;Inesistente
1901554;19;03/02/2012 19:10;Strada Urbana;VIA SUOR CELESTINA DONATI;da specificare;;;;in prossimità del fronte civico 146;Veicolo in marcia contro veicolo in sosta;Rettilineo;Una carreggiata a senso unico di marcia;Con neve;Asfaltata;Verticale ed orizzontale;Nevicata in atto;Intenso;Buona;Sufficiente;0;0;0;2;;;-1;1;Autovettura privata;In marcia / fermata / arresto;Conducente;M;Illeso;0;;Non accertato;Inesistente
1901554;19;03/02/2012 19:10;Strada Urbana;VIA SUOR CELESTINA DONATI;da specificare;;;;in prossimità del fronte civico 146;Veicolo in marcia contro veicolo in sosta;Rettilineo;Una carreggiata a senso unico di marcia;Con neve;Asfaltata;Verticale ed orizzontale;Nevicata in atto;Intenso;Buona;Sufficiente;0;0;0;2;;;-1;1;Autovettura privata;In marcia / fermata / arresto;Passeggero;F;Illeso;0;;Non accertato;Inesistente
1901555;19;03/02/2012 17:00;Strada Urbana;VIA CAIRATE;da specificare;;;;altezza ponte del GRA;Scontro frontale fra veicoli in marcia;Rettilineo;Due carreggiate;Con neve;Asfaltata;Assente;Nevicata in atto;Intenso;Sufficiente;Sufficiente;0;0;1;0;;;-1;1;Autovettura privata;In marcia / fermata / arresto;Conducente;M;Deceduto durante trasporto;-1;;Non accertato;Inesistente
1901556;13;05/02/2012 17:50;Strada Urbana;VIALE DI CASTEL PORZIANO;all'intersezione con;VIA NOVALEDO;VIA NOVALEDO;;;Scontro laterale fra veicoli in marcia;Incrocio;Una carreggiata a doppio senso;Bagnato (umidità in atto);Asfaltata;Orizzontale;Nuvoloso;Normale;Buona;Sufficiente;2;0;0;2;;;-1;1;Autovettura privata;In marcia / fermata / arresto;Conducente;F;Rimandato;0;NON DECEDUTO;Non accertato;Inesploso
1901556;13;05/02/2012 17:50;Strada Urbana;VIALE DI CASTEL PORZIANO;all'intersezione con;VIA NOVALEDO;VIA NOVALEDO;;;Scontro laterale fra veicoli in marcia;Incrocio;Una carreggiata a doppio senso;Bagnato (umidità in atto);Asfaltata;Orizzontale;Nuvoloso;Normale;Buona;Sufficiente;2;0;0;2;;;-1;1;Autovettura privata;In marcia / fermata / arresto;Passeggero;M;Illeso;0;;Non accertato;Inesploso
1901556;13;05/02/2012 17:50;Strada Urbana;VIALE DI CASTEL PORZIANO;all'intersezione con;VIA NOVALEDO;VIA NOVALEDO;;;Scontro laterale fra veicoli in marcia;Incrocio;Una carreggiata a doppio senso;Bagnato (umidità in atto);Asfaltata;Orizzontale;Nuvoloso;Normale;Buona;Sufficiente;2;0;0;2;;;-1;2;Autovettura privata;In marcia / fermata / arresto;Conducente;M;Illeso;0;;Non accertato;Esploso
1901556;13;05/02/2012 17:50;Strada Urbana;VIALE DI CASTEL PORZIANO;all'intersezione con;VIA NOVALEDO;VIA NOVALEDO;;;Scontro laterale fra veicoli in marcia;Incrocio;Una carreggiata a doppio senso;Bagnato (umidità in atto);Asfaltata;Orizzontale;Nuvoloso;Normale;Buona;Sufficiente;2;0;0;2;;;-1;2;Autovettura privata;In marcia / fermata / arresto;Passeggero;M;Rimandato;0;NON DECEDUTO;Non accertato;Inesploso
1901557;7;04/02/2012 19:15;Strada Urbana;VIALE DELLA BELLA VILLA;da specificare;;;;in prossimità di via dei Fiori;Veicolo in marcia contro veicolo in sosta;Rettilineo;Una carreggiata a doppio senso;Ghiacciato;Asfaltata;Verticale ed orizzontale;Sereno;Scarso;Buona;Sufficiente;0;0;0;1;;;-1;1;Autovettura privata;In marcia / fermata / arresto;Conducente;M;Illeso;0;;Non accertato;Inesistente
1901560;18;03/02/2012 09:30;Strada Urbana;VIA BALDO DEGLI UBALDI;in corrispondenza;;del civico n. ;232;;Veicolo in marcia contro veicolo arresto;Pendenza;Due carreggiate;Bagnato (pioggia);Asfaltata;Verticale ed orizzontale;Pioggia in atto;Normale;Sufficiente;Ore Diurne;0;0;0;3;;;-1;1;Autovettura privata;In marcia / fermata / arresto;Conducente;M;Illeso;0;;Non accertato;Inesploso
1901560;18;03/02/2012 09:30;Strada Urbana;VIA BALDO DEGLI UBALDI;in corrispondenza;;del civico n. ;232;;Veicolo in marcia contro veicolo arresto;Pendenza;Due carreggiate;Bagnato (pioggia);Asfaltata;Verticale ed orizzontale;Pioggia in atto;Normale;Sufficiente;Ore Diurne;0;0;0;3;;;-1;1;Autovettura privata;In marcia / fermata / arresto;Passeggero;F;Illeso;0;;Non accertato;Inesploso
1901560;18;03/02/2012 09:30;Strada Urbana;VIA BALDO DEGLI UBALDI;in corrispondenza;;del civico n. ;232;;Veicolo in marcia contro veicolo arresto;Pendenza;Due carreggiate;Bagnato (pioggia);Asfaltata;Verticale ed orizzontale;Pioggia in atto;Normale;Sufficiente;Ore Diurne;0;0;0;3;;;-1;2;Autovettura privata;In marcia / fermata / arresto;Conducente;M;Illeso;0;;Non accertato;Inesploso
1901562;7;03/02/2012 12:00;Strada Urbana;VIA PRENESTINA;in corrispondenza;;del civico n. ;660;;Scontro laterale fra veicoli in marcia;Rettilineo;Una carreggiata a doppio senso;Con neve;Asfaltata;Orizzontale;Nevicata in atto;Normale;Buona;Ore Diurne;0;0;0;2;;;-1;1;Autovettura privata;In marcia / fermata / arresto;Conducente;M;Illeso;0;;Non accertato;Inesistente
1901562;7;03/02/2012 12:00;Strada Urbana;VIA PRENESTINA;in corrispondenza;;del civico n. ;660;;Scontro laterale fra veicoli in marcia;Rettilineo;Una carreggiata a doppio senso;Con neve;Asfaltata;Orizzontale;Nevicata in atto;Normale;Buona;Ore Diurne;0;0;0;2;;;-1;2;Autovettura privata;In marcia / fermata / arresto;Conducente;F;Illeso;0;;Non accertato;Inesistente
1901563;2;01/02/2012 18:20;Strada Urbana;VIALE GIOACCHINO ROSSINI;all'intersezione semaforizzata con;VIA ANTONIO BERTOLONI;VIA ANTONIO BERTOLONI;;;Infortunio per sola frenata improvvisa;Intersezione semaforizzata;Una carreggiata a doppio senso;Asciutto;Asfaltata;Verticale ed orizzontale;Nuvoloso;Intenso;Buona;Sufficiente;0;0;0;2;;;-1;;;;Pedone;F;Illeso;0;;;
1901563;2;01/02/2012 18:20;Strada Urbana;VIALE GIOACCHINO ROSSINI;all'intersezione semaforizzata con;VIA ANTONIO BERTOLONI;VIA ANTONIO BERTOLONI;;;Infortunio per sola frenata improvvisa;Intersezione semaforizzata;Una carreggiata a doppio senso;Asciutto;Asfaltata;Verticale ed orizzontale;Nuvoloso;Intenso;Buona;Sufficiente;0;0;0;2;;;-1;1;Motociclo a solo;In marcia / fermata / arresto;Conducente;M;Illeso;0;;Non accertato;Inesistente
1901565;7;04/02/2012 02:30;Strada Urbana;VIALE PALMIRO TOGLIATTI;in corrispondenza;;del civico n. ;729;;Scontro frontale/laterale SX fra veicoli in marcia;Rettilineo;Una carreggiata a senso unico di marcia;Con neve;Asfaltata;Verticale ed orizzontale;Nevicata in atto;Scarso;Sufficiente;Sufficiente;3;0;0;7;;;-1;1;Autobus di linea;In marcia / fermata / arresto;Conducente;M;Illeso;0;;Non accertato;Inesistente
1901565;7;04/02/2012 02:30;Strada Urbana;VIALE PALMIRO TOGLIATTI;in corrispondenza;;del civico n. ;729;;Scontro frontale/laterale SX fra veicoli in marcia;Rettilineo;Una carreggiata a senso unico di marcia;Con neve;Asfaltata;Verticale ed orizzontale;Nevicata in atto;Scarso;Sufficiente;Sufficiente;3;0;0;7;;;-1;1;Autobus di linea;In marcia / fermata / arresto;Passeggero;M;Illeso;0;;Non accertato;Inesploso
1901565;7;04/02/2012 02:30;Strada Urbana;VIALE PALMIRO TOGLIATTI;in corrispondenza;;del civico n. ;729;;Scontro frontale/laterale SX fra veicoli in marcia;Rettilineo;Una carreggiata a senso unico di marcia;Con neve;Asfaltata;Verticale ed orizzontale;Nevicata in atto;Scarso;Sufficiente;Sufficiente;3;0;0;7;;;-1;1;Autobus di linea;In marcia / fermata / arresto;Passeggero;M;Illeso;0;;Non accertato;Inesploso
1901565;7;04/02/2012 02:30;Strada Urbana;VIALE PALMIRO TOGLIATTI;in corrispondenza;;del civico n. ;729;;Scontro frontale/laterale SX fra veicoli in marcia;Rettilineo;Una carreggiata a senso unico di marcia;Con neve;Asfaltata;Verticale ed orizzontale;Nevicata in atto;Scarso;Sufficiente;Sufficiente;3;0;0;7;;;-1;1;Autobus di linea;In marcia / fermata / arresto;Passeggero;M;Illeso;0;;Non accertato;Inesploso
1901565;7;04/02/2012 02:30;Strada Urbana;VIALE PALMIRO TOGLIATTI;in corrispondenza;;del civico n. ;729;;Scontro frontale/laterale SX fra veicoli in marcia;Rettilineo;Una carreggiata a senso unico di marcia;Con neve;Asfaltata;Verticale ed orizzontale;Nevicata in atto;Scarso;Sufficiente;Sufficiente;3;0;0;7;;;-1;1;Autobus di linea;In marcia / fermata / arresto;Passeggero;M;Illeso;0;;Non accertato;Inesploso
1901565;7;04/02/2012 02:30;Strada Urbana;VIALE PALMIRO TOGLIATTI;in corrispondenza;;del civico n. ;729;;Scontro frontale/laterale SX fra veicoli in marcia;Rettilineo;Una carreggiata a senso unico di marcia;Con neve;Asfaltata;Verticale ed orizzontale;Nevicata in atto;Scarso;Sufficiente;Sufficiente;3;0;0;7;;;-1;2;Autovettura privata;In marcia / fermata / arresto;Conducente;M;Rimandato;0;NON DECEDUTO;Non accertato;Inesistente
1901565;7;04/02/2012 02:30;Strada Urbana;VIALE PALMIRO TOGLIATTI;in corrispondenza;;del civico n. ;729;;Scontro frontale/laterale SX fra veicoli in marcia;Rettilineo;Una carreggiata a senso unico di marcia;Con neve;Asfaltata;Verticale ed orizzontale;Nevicata in atto;Scarso;Sufficiente;Sufficiente;3;0;0;7;;;-1;2;Autovettura privata;In marcia / fermata / arresto;Passeggero;M;Rimandato;0;NON DECEDUTO;Non accertato;Inesploso
1901565;7;04/02/2012 02:30;Strada Urbana;VIALE PALMIRO TOGLIATTI;in corrispondenza;;del civico n. ;729;;Scontro frontale/laterale SX fra veicoli in marcia;Rettilineo;Una carreggiata a senso unico di marcia;Con neve;Asfaltata;Verticale ed orizzontale;Nevicata in atto;Scarso;Sufficiente;Sufficiente;3;0;0;7;;;-1;2;Autovettura privata;In marcia / fermata / arresto;Passeggero;M;Illeso;0;;Non accertato;Inesploso
1901565;7;04/02/2012 02:30;Strada Urbana;VIALE PALMIRO TOGLIATTI;in corrispondenza;;del civico n. ;729;;Scontro frontale/laterale SX fra veicoli in marcia;Rettilineo;Una carreggiata a senso unico di marcia;Con neve;Asfaltata;Verticale ed orizzontale;Nevicata in atto;Scarso;Sufficiente;Sufficiente;3;0;0;7;;;-1;2;Autovettura privata;In marcia / fermata / arresto;Passeggero;M;Rimandato;0;NON DECEDUTO;Non accertato;Inesploso
1901566;15;03/02/2012 18:30;Strada Urbana;VIA DELLA MAGLIANA;da specificare;;;;in prossimità dell'intersezione con Via Marchetti;Veicolo in marcia contro ostacolo accidentale;Rettilineo;Una carreggiata a doppio senso;Bagnato (pioggia);Strada pavimentata dissestata;Orizzontale;Pioggia in atto;Scarso;Buona;Sufficiente;0;0;0;1;;;-1;1;Autovettura privata;In marcia / fermata / arresto;Conducente;M;Illeso;0;;Utilizzato;Inesploso
1901568;8;03/02/2012 07:15;Strada Urbana;VIA COLLATINA;da specificare;;;;altezza VIA DELL'ACQUA VERGINE direzione centro;Veicolo in marcia contro ostacolo accidentale;Curva a visuale libera;Una carreggiata a doppio senso;Bagnato (pioggia);Strada pavimentata dissestata;Verticale ed orizzontale;Pioggia in atto;Normale;Sufficiente;Ore Diurne;1;0;0;0;;;-1;1;Motociclo a solo;In marcia / fermata / arresto;Conducente;M;Rifiuta cure immediate;0;NON DECEDUTO;Non accertato;Inesistente
1901569;15;04/02/2012 18:30;Strada Urbana;VIA DELLA PISANA;in corrispondenza;;del civico n. ;1183;;Scontro frontale/laterale DX fra veicoli in marcia;Rettilineo;Una carreggiata a doppio senso;Ghiacciato;Sterrata;Orizzontale;Nuvoloso;Scarso;Buona;Sufficiente;2;0;0;3;;;-1;1;Autovettura privata;In marcia / fermata / arresto;Conducente;M;Rimandato;0;NON DECEDUTO;Utilizzato;Inesistente
1901569;15;04/02/2012 18:30;Strada Urbana;VIA DELLA PISANA;in corrispondenza;;del civico n. ;1183;;Scontro frontale/laterale DX fra veicoli in marcia;Rettilineo;Una carreggiata a doppio senso;Ghiacciato;Sterrata;Orizzontale;Nuvoloso;Scarso;Buona;Sufficiente;2;0;0;3;;;-1;1;Autovettura privata;In marcia / fermata / arresto;Passeggero;F;Rimandato;0;NON DECEDUTO;Utilizzato;Inesistente
1901569;15;04/02/2012 18:30;Strada Urbana;VIA DELLA PISANA;in corrispondenza;;del civico n. ;1183;;Scontro frontale/laterale DX fra veicoli in marcia;Rettilineo;Una carreggiata a doppio senso;Ghiacciato;Sterrata;Orizzontale;Nuvoloso;Scarso;Buona;Sufficiente;2;0;0;3;;;-1;2;Autovettura privata;In marcia / fermata / arresto;Conducente;M;Illeso;0;;Utilizzato;Inesistente
1901569;15;04/02/2012 18:30;Strada Urbana;VIA DELLA PISANA;in corrispondenza;;del civico n. ;1183;;Scontro frontale/laterale DX fra veicoli in marcia;Rettilineo;Una carreggiata a doppio senso;Ghiacciato;Sterrata;Orizzontale;Nuvoloso;Scarso;Buona;Sufficiente;2;0;0;3;;;-1;2;Autovettura privata;In marcia / fermata / arresto;Passeggero;F;Illeso;0;;Utilizzato;Inesistente
1901569;15;04/02/2012 18:30;Strada Urbana;VIA DELLA PISANA;in corrispondenza;;del civico n. ;1183;;Scontro frontale/laterale DX fra veicoli in marcia;Rettilineo;Una carreggiata a doppio senso;Ghiacciato;Sterrata;Orizzontale;Nuvoloso;Scarso;Buona;Sufficiente;2;0;0;3;;;-1;2;Autovettura privata;In marcia / fermata / arresto;Passeggero;F;Illeso;0;;Utilizzato;Inesistente
1901570;8;03/02/2012 11:30;Strada Urbana;VIA ACQUARONI;in corrispondenza;;del civico n. ;65;;Scontro laterale fra veicoli in marcia;Rettilineo;Una carreggiata a doppio senso;Bagnato (pioggia);Asfaltata;Orizzontale;Nevicata in atto;Scarso;Buona;Ore Diurne;0;0;0;2;;;-1;1;Autovettura privata;In marcia / fermata / arresto;Conducente;M;Illeso;0;;Non accertato;Inesploso
1901570;8;03/02/2012 11:30;Strada Urbana;VIA ACQUARONI;in corrispondenza;;del civico n. ;65;;Scontro laterale fra veicoli in marcia;Rettilineo;Una carreggiata a doppio senso;Bagnato (pioggia);Asfaltata;Orizzontale;Nevicata in atto;Scarso;Buona;Ore Diurne;0;0;0;2;;;-1;2;Autovettura privata;In marcia / fermata / arresto;Conducente;M;Illeso;0;;Non accertato;Inesploso
1901571;8;03/02/2012 12:40;Strada Urbana;VIA DI SALONE;all'intersezione con;VIA ANDREA NOALE;VIA ANDREA NOALE;;;Scontro laterale fra veicoli in marcia;Rotatoria;Una carreggiata a doppio senso;Con neve;Asfaltata;Verticale ed orizzontale;Nevicata in atto;Normale;Sufficiente;Ore Diurne;0;0;0;2;;;-1;1;Autocarro superiore 35 q.;In marcia / fermata / arresto;Conducente;M;Illeso;0;;Non accertato;Inesploso
1901571;8;03/02/2012 12:40;Strada Urbana;VIA DI SALONE;all'intersezione con;VIA ANDREA NOALE;VIA ANDREA NOALE;;;Scontro laterale fra veicoli in marcia;Rotatoria;Una carreggiata a doppio senso;Con neve;Asfaltata;Verticale ed orizzontale;Nevicata in atto;Normale;Sufficiente;Ore Diurne;0;0;0;2;;;-1;2;Autovettura privata;In marcia / fermata / arresto;Conducente;F;Illeso;0;;Non accertato;Inesploso
1901572;18;04/02/2012 18:20;Strada Urbana;VIA DI BOCCEA;in corrispondenza;;del fronte civico n. ;317;;Veicolo in marcia contro ostacolo accidentale;Pendenza;Una carreggiata a doppio senso;Ghiacciato;Asfaltata;Verticale ed orizzontale;Sereno;Normale;Buona;Sufficiente;1;0;0;1;;;-1;1;Motociclo a solo;In marcia / fermata / arresto;Conducente;M;Illeso;0;;Non accertato;Inesistente
1901572;18;04/02/2012 18:20;Strada Urbana;VIA DI BOCCEA;in corrispondenza;;del fronte civico n. ;317;;Veicolo in marcia contro ostacolo accidentale;Pendenza;Una carreggiata a doppio senso;Ghiacciato;Asfaltata;Verticale ed orizzontale;Sereno;Normale;Buona;Sufficiente;1;0;0;1;;;-1;1;Motociclo a solo;In marcia / fermata / arresto;Passeggero;M;Rimandato;0;NON DECEDUTO;Non accertato;Inesistente
1901573;7;05/02/2012 05:15;Strada Urbana;VIA DI TOR CERVARA;in corrispondenza;;del palo luce n. ;47;;Scontro frontale fra veicoli in marcia;Curva senza visuale libera;Una carreggiata a doppio senso;Ghiacciato;Asfaltata;Assente;Nuvoloso;Scarso;Sufficiente;Sufficiente;0;0;0;3;;;-1;1;Autovettura privata;In marcia / fermata / arresto;Conducente;M;Illeso;0;;Non accertato;Inesistente
1901573;7;05/02/2012 05:15;Strada Urbana;VIA DI TOR CERVARA;in corrispondenza;;del palo luce n. ;47;;Scontro frontale fra veicoli in marcia;Curva senza visuale libera;Una carreggiata a doppio senso;Ghiacciato;Asfaltata;Assente;Nuvoloso;Scarso;Sufficiente;Sufficiente;0;0;0;3;;;-1;1;Autovettura privata;In marcia / fermata / arresto;Passeggero;M;Illeso;0;;Non accertato;Inesploso
1901573;7;05/02/2012 05:15;Strada Urbana;VIA DI TOR CERVARA;in corrispondenza;;del palo luce n. ;47;;Scontro frontale fra veicoli in marcia;Curva senza visuale libera;Una carreggiata a doppio senso;Ghiacciato;Asfaltata;Assente;Nuvoloso;Scarso;Sufficiente;Sufficiente;0;0;0;3;;;-1;2;Autobus di linea;In marcia / fermata / arresto;Conducente;M;Illeso;0;;Esente;Inesistente
1901574;8;03/02/2012 13:10;Strada Urbana;VIA DI TOR BELLA MONACA;da specificare;;;;dir.gra altezza inv. di marcia via di TORRENOVA;Tamponamento Multiplo;Curva a visuale libera;Due carreggiate;Con neve;Asfaltata;Verticale ed orizzontale;Nevicata in atto;Intenso;Sufficiente;Ore Diurne;1;0;0;3;;;-1;1;Autovettura privata;In marcia / fermata / arresto;Conducente;F;Illeso;0;;Non accertato;Inesistente
1901574;8;03/02/2012 13:10;Strada Urbana;VIA DI TOR BELLA MONACA;da specificare;;;;dir.gra altezza inv. di marcia via di TORRENOVA;Tamponamento Multiplo;Curva a visuale libera;Due carreggiate;Con neve;Asfaltata;Verticale ed orizzontale;Nevicata in atto;Intenso;Sufficiente;Ore Diurne;1;0;0;3;;;-1;2;Autovettura privata;In marcia / fermata / arresto;Conducente;F;Illeso;0;;Non accertato;Inesistente
1901574;8;03/02/2012 13:10;Strada Urbana;VIA DI TOR BELLA MONACA;da specificare;;;;dir.gra altezza inv. di marcia via di TORRENOVA;Tamponamento Multiplo;Curva a visuale libera;Due carreggiate;Con neve;Asfaltata;Verticale ed orizzontale;Nevicata in atto;Intenso;Sufficiente;Ore Diurne;1;0;0;3;;;-1;2;Autovettura privata;In marcia / fermata / arresto;Passeggero;F;Rimandato;0;NON DECEDUTO;Non accertato;Inesistente
1901574;8;03/02/2012 13:10;Strada Urbana;VIA DI TOR BELLA MONACA;da specificare;;;;dir.gra altezza inv. di marcia via di TORRENOVA;Tamponamento Multiplo;Curva a visuale libera;Due carreggiate;Con neve;Asfaltata;Verticale ed orizzontale;Nevicata in atto;Intenso;Sufficiente;Ore Diurne;1;0;0;3;;;-1;3;Autovettura privata;In marcia / fermata / arresto;Conducente;F;Illeso;0;;Non accertato;Inesistente
1901575;12;03/02/2012 18:00;Strada Urbana;VIALE DELL'OCEANO ATLANTICO;all'intersezione con;VIA RHODESIA;VIA RHODESIA;;;Investimento di pedone;Incrocio;Due carreggiate;Bagnato (pioggia);Asfaltata;Verticale ed orizzontale;Pioggia in atto;Normale;Sufficiente;Sufficiente;0;0;1;1;;;-1;;;;Pedone;F;Deceduto durante trasporto;-1;;;
1901575;12;03/02/2012 18:00;Strada Urbana;VIALE DELL'OCEANO ATLANTICO;all'intersezione con;VIA RHODESIA;VIA RHODESIA;;;Investimento di pedone;Incrocio;Due carreggiate;Bagnato (pioggia);Asfaltata;Verticale ed orizzontale;Pioggia in atto;Normale;Sufficiente;Sufficiente;0;0;1;1;;;-1;1;Autovettura privata;In marcia / fermata / arresto;Conducente;M;Illeso;0;;Utilizzato;Inesistente
1901576;12;06/02/2012 17:15;Strada Urbana;VIA DOMENICO JACHINO;in prossimità;;del civico n. ;171;;Veicolo in marcia contro ostacolo fisso;Rettilineo;Due carreggiate;Bagnato (umidità in atto);Asfaltata;Verticale ed orizzontale;Pioggia in atto;Normale;Sufficiente;Sufficiente;0;0;0;1;;;-1;1;Autovettura privata;In marcia / fermata / arresto;Conducente;M;Illeso;0;;Utilizzato;Inesistente
1901577;12;03/02/2012 18:30;Strada Urbana;VIA DOMENICO JACHINO;da specificare;;;;prox civ. 171;Veicolo in marcia contro ostacolo fisso;Curva a visuale libera;Due carreggiate;Bagnato (umidità in atto);Asfaltata;Verticale ed orizzontale;Pioggia in atto;Normale;Sufficiente;Sufficiente;0;0;0;3;;;-1;1;Autovettura privata;In marcia / fermata / arresto;Conducente;F;Illeso;0;;Utilizzato;
1901577;12;03/02/2012 18:30;Strada Urbana;VIA DOMENICO JACHINO;da specificare;;;;prox civ. 171;Veicolo in marcia contro ostacolo fisso;Curva a visuale libera;Due carreggiate;Bagnato (umidità in atto);Asfaltata;Verticale ed orizzontale;Pioggia in atto;Normale;Sufficiente;Sufficiente;0;0;0;3;;;-1;1;Autovettura privata;In marcia / fermata / arresto;Passeggero;M;Illeso;0;;Utilizzato;Inesistente
1901577;12;03/02/2012 18:30;Strada Urbana;VIA DOMENICO JACHINO;da specificare;;;;prox civ. 171;Veicolo in marcia contro ostacolo fisso;Curva a visuale libera;Due carreggiate;Bagnato (umidità in atto);Asfaltata;Verticale ed orizzontale;Pioggia in atto;Normale;Sufficiente;Sufficiente;0;0;0;3;;;-1;1;Autovettura privata;In marcia / fermata / arresto;Passeggero;M;Illeso;0;;Utilizzato;Inesistente
1901578;8;03/02/2012 23:30;Strada Urbana;VIA RAOUL CHIODELLI;da specificare;;;;intersezione con Via Mejo di Gnente;Veicolo in marcia contro ostacolo fisso;Pendenza;Una carreggiata a doppio senso;Con neve;Asfaltata;Verticale ed orizzontale;Nevicata in atto;Scarso;Sufficiente;Inesistente;0;0;0;1;;;-1;1;Autovettura privata;In marcia / fermata / arresto;Conducente;M;Illeso;0;;Non accertato;Inesistente
1901580;7;06/02/2012 00:10;Strada Urbana;VIA RAFFAELE COSTI;da specificare;;;;altezza svincolo A 24;Veicolo in marcia contro ostacolo fisso;Rotatoria;Una carreggiata a senso unico di marcia;Ghiacciato;Asfaltata;Verticale ed orizzontale;Nuvoloso;Scarso;Buona;Sufficiente;1;0;0;0;;;-1;1;Autovettura privata;In marcia / fermata / arresto;Conducente;M;Rifiuta cure immediate;0;NON DECEDUTO;Non accertato;Inesistente
1901583;8;04/02/2012 18:26;Provinciale entro l'abitato;VIA PRENESTINA;in prossimità;;del palo luce n. ;500-501;;Scontro laterale fra veicoli in marcia;Pendenza;Una carreggiata a doppio senso;Ghiacciato;Sterrata;Assente;Sereno;Intenso;Insufficiente;Insufficiente;0;0;0;6;;;-1;1;Autovettura privata;In marcia / fermata / arresto;Conducente;M;Illeso;0;;Non accertato;Inesploso
1901583;8;04/02/2012 18:26;Provinciale entro l'abitato;VIA PRENESTINA;in prossimità;;del palo luce n. ;500-501;;Scontro laterale fra veicoli in marcia;Pendenza;Una carreggiata a doppio senso;Ghiacciato;Sterrata;Assente;Sereno;Intenso;Insufficiente;Insufficiente;0;0;0;6;;;-1;1;Autovettura privata;In marcia / fermata / arresto;Passeggero;F;Illeso;0;;Non accertato;Inesistente
1901583;8;04/02/2012 18:26;Provinciale entro l'abitato;VIA PRENESTINA;in prossimità;;del palo luce n. ;500-501;;Scontro laterale fra veicoli in marcia;Pendenza;Una carreggiata a doppio senso;Ghiacciato;Sterrata;Assente;Sereno;Intenso;Insufficiente;Insufficiente;0;0;0;6;;;-1;2;Autovettura privata;In marcia / fermata / arresto;Conducente;M;Illeso;0;;Non accertato;Inesistente
1901583;8;04/02/2012 18:26;Provinciale entro l'abitato;VIA PRENESTINA;in prossimità;;del palo luce n. ;500-501;;Scontro laterale fra veicoli in marcia;Pendenza;Una carreggiata a doppio senso;Ghiacciato;Sterrata;Assente;Sereno;Intenso;Insufficiente;Insufficiente;0;0;0;6;;;-1;2;Autovettura privata;In marcia / fermata / arresto;Passeggero;;Illeso;0;;Non accertato;Inesploso
1901583;8;04/02/2012 18:26;Provinciale entro l'abitato;VIA PRENESTINA;in prossimità;;del palo luce n. ;500-501;;Scontro laterale fra veicoli in marcia;Pendenza;Una carreggiata a doppio senso;Ghiacciato;Sterrata;Assente;Sereno;Intenso;Insufficiente;Insufficiente;0;0;0;6;;;-1;2;Autovettura privata;In marcia / fermata / arresto;Passeggero;M;Illeso;0;;Non accertato;Inesistente
1901583;8;04/02/2012 18:26;Provinciale entro l'abitato;VIA PRENESTINA;in prossimità;;del palo luce n. ;500-501;;Scontro laterale fra veicoli in marcia;Pendenza;Una carreggiata a doppio senso;Ghiacciato;Sterrata;Assente;Sereno;Intenso;Insufficiente;Insufficiente;0;0;0;6;;;-1;3;Autocarro superiore 35 q.;In marcia / fermata / arresto;Conducente;M;Illeso;0;;Non accertato;Inesistente
1901584;8;04/02/2012 19:30;Statale entro l'abitato;VIA CASILINA;da specificare;;;;100 mt prima di VIA SICULIANA direzione fuori Roma;Scontro frontale/laterale DX fra veicoli in marcia;Dosso;Una carreggiata a doppio senso;Con neve;Asfaltata;Verticale ed orizzontale;Nuvoloso;Scarso;Sufficiente;Sufficiente;1;0;0;1;;;-1;1;Autocarro inferiore 35 q.;In marcia / fermata / arresto;Conducente;M;Rifiuta cure immediate;0;NON DECEDUTO;Non accertato;Inesistente
1901584;8;04/02/2012 19:30;Statale entro l'abitato;VIA CASILINA;da specificare;;;;100 mt prima di VIA SICULIANA direzione fuori Roma;Scontro frontale/laterale DX fra veicoli in marcia;Dosso;Una carreggiata a doppio senso;Con neve;Asfaltata;Verticale ed orizzontale;Nuvoloso;Scarso;Sufficiente;Sufficiente;1;0;0;1;;;-1;2;Autovettura privata;In marcia / fermata / arresto;Conducente;M;Illeso;0;;Non accertato;Inesistente