Protocollo;Gruppo;DataOraIncidente;Localizzazione1;STRADA1;Localizzazione2;STRADA2;Strada02;Chilometrica;DaSpecificare;NaturaIncidente;particolaritastrade;TipoStrada;FondoStradale;Pavimentazione;Segnaletica;CondizioneAtmosferica;Traffico;Visibilita;Illuminazione;NUM_FERITI;NUM_RISERVATA;NUM_MORTI;NUM_ILLESI;Longitudine;Latitudine;Confermato;Progressivo;TipoVeicolo;StatoVeicolo;TipoPersona;Sesso;Tipolesione;Deceduto;DecedutoDopo;CinturaCascoUtilizzato;Airbag
1902219;8;12/02/2012 19:35;Strada Urbana;VIA VINCENZO BONIFATI;all'intersezione con;VIA ENRICO FORLANINI;VIA ENRICO FORLANINI;;;Scontro frontale fra veicoli in marcia;Rotatoria;Una carreggiata a doppio senso;Bagnato (brina);Asfaltata;Verticale ed orizzontale;Sereno;Normale;Buona;Sufficiente;3;0;0;2;;;-1;2;Autovettura privata;In marcia / fermata / arresto;Passeggero;M;Rifiuta cure immediate;0;NON DECEDUTO;Non accertato;Inesploso
1902220;8;13/02/2012 06:45;Strada Urbana;VIA DI VERMICINO;in prossimità;;del civico n. ;77B;;Veicolo in marcia contro veicoli in sosta;Rettilineo;Una carreggiata a doppio senso;Asciutto;Asfaltata;Verticale ed orizzontale;Sereno;Normale;Buona;Ore Diurne;0;0;0;1;;;-1;1;Autovettura privata;In marcia / fermata / arresto;Conducente;M;Illeso;0;;Non accertato;Inesistente
1902221;10;13/02/2012 09:05;Strada Urbana;VIA DEL FONTANILE ANAGNINO;in corrispondenza;;del palo luce n. ;29;;Scontro laterale fra veicoli in marcia;Rettilineo;Una carreggiata a senso unico di marcia;Asciutto;Asfaltata;Verticale ed orizzontale;Sereno;Normale;Buona;Ore Diurne;0;0;0;1;;;-1;1;Autovettura privata;In marcia / fermata / arresto;Conducente;;Illeso;0;;Non accertato;Inesistente
1902222;8;13/02/2012 17:30;Statale entro l'abitato;VIA CASILINA;all'intersezione con;VIA ISNELLO;VIA ISNELLO;;;Scontro frontale/laterale SX fra veicoli in marcia;Intersezione stradale segnalata;Due carreggiate;Asciutto;Asfaltata;Verticale ed orizzontale;Sereno;Normale;Buona;Sufficiente;0;0;0;6;;;-1;1;Autovettura privata;In marcia / fermata / arresto;Conducente;F;Illeso;0;;Non accertato;Inesploso
1902222;8;13/02/2012 17:30;Statale entro l'abitato;VIA CASILINA;all'intersezione con;VIA ISNELLO;VIA ISNELLO;;;Scontro frontale/laterale SX fra veicoli in marcia;Intersezione stradale segnalata;Due carreggiate;Asciutto;Asfaltata;Verticale ed orizzontale;Sereno;Normale;Buona;Sufficiente;0;0;0;6;;;-1;1;Autovettura privata;In marcia / fermata / arresto;Passeggero;F;Illeso;0;;Non accertato;Inesploso
1902222;8;13/02/2012 17:30;Statale entro l'abitato;VIA CASILINA;all'intersezione con;VIA ISNELLO;VIA ISNELLO;;;Scontro frontale/laterale SX fra veicoli in marcia;Intersezione stradale segnalata;Due carreggiate;Asciutto;Asfaltata;Verticale ed orizzontale;Sereno;Normale;Buona;Sufficiente;0;0;0;6;;;-1;1;Autovettura privata;In marcia / fermata / arresto;Passeggero;F;Illeso;0;;Non accertato;Inesploso
1902222;8;13/02/2012 17:30;Statale entro l'abitato;VIA CASILINA;all'intersezione con;VIA ISNELLO;VIA ISNELLO;;;Scontro frontale/laterale SX fra veicoli in marcia;Intersezione stradale segnalata;Due carreggiate;Asciutto;Asfaltata;Verticale ed orizzontale;Sereno;Normale;Buona;Sufficiente;0;0;0;6;;;-1;2;Autovettura privata;In marcia / fermata / arresto;Conducente;M;Illeso;0;;Non accertato;Inesploso
1902222;8;13/02/2012 17:30;Statale entro l'abitato;VIA CASILINA;all'intersezione con;VIA ISNELLO;VIA ISNELLO;;;Scontro frontale/laterale SX fra veicoli in marcia;Intersezione stradale segnalata;Due carreggiate;Asciutto;Asfaltata;Verticale ed orizzontale;Sereno;Normale;Buona;Sufficiente;0;0;0;6;;;-1;2;Autovettura privata;In marcia / fermata / arresto;Passeggero;M;Illeso;0;;Non accertato;Inesploso
1902222;8;13/02/2012 17:30;Statale entro l'abitato;VIA CASILINA;all'intersezione con;VIA ISNELLO;VIA ISNELLO;;;Scontro frontale/laterale SX fra veicoli in marcia;Intersezione stradale segnalata;Due carreggiate;Asciutto;Asfaltata;Verticale ed orizzontale;Sereno;Normale;Buona;Sufficiente;0;0;0;6;;;-1;2;Autovettura privata;In marcia / fermata / arresto;Passeggero;F;Illeso;0;;Non accertato;Inesploso
1902223;8;13/02/2012 19:30;Strada Urbana;VIA GIOVANNI ARTUSI;all'intersezione con;VIA PIETRO SANTO BARTOLI;VIA PIETRO SANTO BARTOLI;;;Veicolo in marcia contro ostacolo accidentale;Intersezione stradale segnalata;Una carreggiata a doppio senso;Asciutto;Asfaltata;Verticale ed orizzontale;Sereno;Scarso;Buona;Sufficiente;0;0;0;1;;;-1;1;Motociclo a solo;In marcia / fermata / arresto;Conducente;M;Illeso;0;;Non accertato;Inesistente
1902224;5;13/02/2012 20:45;Strada Urbana;VIA EUGENIO TORELLI VIOLLIER;da specificare;;;;altezza Via A. Tedeschi;Scontro laterale fra veicoli in marcia;Rettilineo;Una carreggiata a senso unico di marcia;Asciutto;Asfaltata;Orizzontale;Sereno;Scarso;Buona;Sufficiente;0;0;0;2;;;-1;1;Autovettura privata;In marcia / fermata / arresto;Conducente;F;Illeso;0;;Non accertato;Inesistente
1902224;5;13/02/2012 20:45;Strada Urbana;VIA EUGENIO TORELLI VIOLLIER;da specificare;;;;altezza Via A. Tedeschi;Scontro laterale fra veicoli in marcia;Rettilineo;Una carreggiata a senso unico di marcia;Asciutto;Asfaltata;Orizzontale;Sereno;Scarso;Buona;Sufficiente;0;0;0;2;;;-1;2;Autovettura privata;In marcia / fermata / arresto;Conducente;M;Illeso;0;;Non accertato;Inesistente
1902225;8;13/02/2012 09:30;Strada Urbana;VIA DELLE CALANDRE;in prossimità;;del civico n. ;15;;Scontro laterale fra veicoli in marcia;Rettilineo;Una carreggiata a doppio senso;Asciutto;Asfaltata;Assente;Sereno;Scarso;Sufficiente;Ore Diurne;0;0;0;1;;;-1;1;Autovettura privata;In marcia / fermata / arresto;Conducente;M;Illeso;0;;Non accertato;Inesistente
1902226;8;13/02/2012 06:05;Strada Urbana;VIA DI ROCCA CENCIA;all'intersezione con;VIA SELLIA;VIA SELLIA;;;Scontro frontale/laterale DX fra veicoli in marcia;Intersezione stradale segnalata;Una carreggiata a doppio senso;Ghiacciato;Asfaltata;Verticale ed orizzontale;Sereno;Intenso;Buona;Ore Diurne;0;0;0;2;;;-1;1;Autovettura privata;In marcia / fermata / arresto;Conducente;M;Illeso;0;;Non accertato;Inesistente
1902226;8;13/02/2012 06:05;Strada Urbana;VIA DI ROCCA CENCIA;all'intersezione con;VIA SELLIA;VIA SELLIA;;;Scontro frontale/laterale DX fra veicoli in marcia;Intersezione stradale segnalata;Una carreggiata a doppio senso;Ghiacciato;Asfaltata;Verticale ed orizzontale;Sereno;Intenso;Buona;Ore Diurne;0;0;0;2;;;-1;2;Autovettura privata;In marcia / fermata / arresto;Conducente;M;Illeso;0;;Non accertato;Inesploso
1902227;19;12/02/2012 12:50;Strada Urbana;VIALE TITO LIVIO;in prossimità;;del civico n. ;14;;Veicolo in marcia contro veicoli in sosta;Rettilineo;Una carreggiata a senso unico di marcia;Con neve;Asfaltata;Assente;Sereno;Scarso;Buona;Ore Diurne;0;0;0;1;;;-1;3;Autovettura privata;Allontanatosi;Conducente;M;Illeso;0;;Non accertato;Inesistente
1902228;3;09/02/2012 16:30;Strada Urbana;VIALE DELLE PROVINCIE;da specificare;;;;altezza via padova;Fuoriuscita dalla sede stradale;Rettilineo;Due carreggiate;Viscido da liquidi oleosi;Asfaltata;Verticale ed orizzontale;Sereno;Normale;Buona;Ore Diurne;0;0;0;1;;;-1;1;Ciclomotore;In marcia / fermata / arresto;Conducente;M;Illeso;0;;Utilizzato;Inesistente
1902229;3;11/02/2012 06:45;Strada Urbana;VIA GIOVANNI BATTISTA MORGAGNI;all'intersezione con;VIALE REGINA MARGHERITA;VIALE REGINA MARGHERITA;;;Scontro frontale/laterale DX fra veicoli in marcia;Intersezione semaforizzata;Una carreggiata a doppio senso;Con neve;Asfaltata;Verticale ed orizzontale;Nuvoloso;Scarso;Buona;Sufficiente;0;0;0;3;;;-1;1;Autovettura privata;In marcia / fermata / arresto;Conducente;M;Illeso;0;;Non accertato;Inesistente
1902229;3;11/02/2012 06:45;Strada Urbana;VIA GIOVANNI BATTISTA MORGAGNI;all'intersezione con;VIALE REGINA MARGHERITA;VIALE REGINA MARGHERITA;;;Scontro frontale/laterale DX fra veicoli in marcia;Intersezione semaforizzata;Una carreggiata a doppio senso;Con neve;Asfaltata;Verticale ed orizzontale;Nuvoloso;Scarso;Buona;Sufficiente;0;0;0;3;;;-1;1;Autovettura privata;In marcia / fermata / arresto;Passeggero;M;Illeso;0;;Non accertato;Inesistente
1902229;3;11/02/2012 06:45;Strada Urbana;VIA GIOVANNI BATTISTA MORGAGNI;all'intersezione con;VIALE REGINA MARGHERITA;VIALE REGINA MARGHERITA;;;Scontro frontale/laterale DX fra veicoli in marcia;Intersezione semaforizzata;Una carreggiata a doppio senso;Con neve;Asfaltata;Verticale ed orizzontale;Nuvoloso;Scarso;Buona;Sufficiente;0;0;0;3;;;-1;2;Autovettura privata;In marcia / fermata / arresto;Conducente;M;Illeso;0;;Non accertato;Inesistente
1902230;3;11/02/2012 09:00;Strada Urbana;VIA TIBURTINA;all'intersezione semaforizzata con;VIA DEI RETI;VIA DEI RETI;;;Scontro frontale/laterale SX fra veicoli in marcia;Intersezione semaforizzata;Una carreggiata a doppio senso;Con neve;Asfaltata;Verticale ed orizzontale;Sereno;Scarso;Buona;Ore Diurne;0;0;0;2;;;-1;1;Autovettura pubblica;In marcia / fermata / arresto;Conducente;M;Illeso;0;;Utilizzato;Inesploso
1902230;3;11/02/2012 09:00;Strada Urbana;VIA TIBURTINA;all'intersezione semaforizzata con;VIA DEI RETI;VIA DEI RETI;;;Scontro frontale/laterale SX fra veicoli in marcia;Intersezione semaforizzata;Una carreggiata a doppio senso;Con neve;Asfaltata;Verticale ed orizzontale;Sereno;Scarso;Buona;Ore Diurne;0;0;0;2;;;-1;2;Autocarro inferiore 35 q.;In marcia / fermata / arresto;Conducente;M;Illeso;0;;Utilizzato;Inesistente
1902231;13;13/02/2012 20:30;Strada Urbana;VIA DEL CANALE DELLA LINGUA;all'intersezione con;VIA DEI PESCATORI;VIA DEI PESCATORI;;;Scontro frontale/laterale DX fra veicoli in marcia;Incrocio;Una carreggiata a doppio senso;Asciutto;Asfaltata;Verticale ed orizzontale;Sereno;Scarso;Buona;Sufficiente;0;0;0;2;;;-1;1;Autovettura privata;In marcia / fermata / arresto;Conducente;M;Illeso;0;;Non accertato;Esploso
1902231;13;13/02/2012 20:30;Strada Urbana;VIA DEL CANALE DELLA LINGUA;all'intersezione con;VIA DEI PESCATORI;VIA DEI PESCATORI;;;Scontro frontale/laterale DX fra veicoli in marcia;Incrocio;Una carreggiata a doppio senso;Asciutto;Asfaltata;Verticale ed orizzontale;Sereno;Scarso;Buona;Sufficiente;0;0;0;2;;;-1;2;Autovettura privata;In marcia / fermata / arresto;Conducente;M;Illeso;0;;Non accertato;Inesploso
1902232;7;13/02/2012 19:50;Strada Urbana;VIALE PALMIRO TOGLIATTI;all'intersezione semaforizzata con;VIA PRENESTINA;VIA PRENESTINA;;;Scontro laterale fra veicoli in marcia;Intersezione semaforizzata;Due carreggiate;Asciutto;Asfaltata;Verticale ed orizzontale;Sereno;Intenso;Buona;Sufficiente;0;0;0;2;;;-1;1;Autovettura privata;In marcia / fermata / arresto;Conducente;M;Illeso;0;;Non accertato;Inesistente
1902232;7;13/02/2012 19:50;Strada Urbana;VIALE PALMIRO TOGLIATTI;all'intersezione semaforizzata con;VIA PRENESTINA;VIA PRENESTINA;;;Scontro laterale fra veicoli in marcia;Intersezione semaforizzata;Due carreggiate;Asciutto;Asfaltata;Verticale ed orizzontale;Sereno;Intenso;Buona;Sufficiente;0;0;0;2;;;-1;2;Autovettura privata;In marcia / fermata / arresto;Conducente;M;Illeso;0;;Non accertato;Inesistente
1902233;13;13/02/2012 22:15;Strada Urbana;VIA DELLE BALENIERE;all'intersezione con;VIA DELLE GONDOLE;VIA DELLE GONDOLE;;;Scontro frontale/laterale SX fra veicoli in marcia;Incrocio;Una carreggiata a doppio senso;Asciutto;Asfaltata;Orizzontale;Sereno;Scarso;Buona;Sufficiente;0;0;0;5;;;-1;1;Autovettura privata;In marcia / fermata / arresto;Conducente;M;Illeso;0;;Non accertato;Inesploso
1902233;13;13/02/2012 22:15;Strada Urbana;VIA DELLE BALENIERE;all'intersezione con;VIA DELLE GONDOLE;VIA DELLE GONDOLE;;;Scontro frontale/laterale SX fra veicoli in marcia;Incrocio;Una carreggiata a doppio senso;Asciutto;Asfaltata;Orizzontale;Sereno;Scarso;Buona;Sufficiente;0;0;0;5;;;-1;2;Autovettura privata;In marcia / fermata / arresto;Conducente;M;Illeso;0;;Non accertato;Inesploso
1902233;13;13/02/2012 22:15;Strada Urbana;VIA DELLE BALENIERE;all'intersezione con;VIA DELLE GONDOLE;VIA DELLE GONDOLE;;;Scontro frontale/laterale SX fra veicoli in marcia;Incrocio;Una carreggiata a doppio senso;Asciutto;Asfaltata;Orizzontale;Sereno;Scarso;Buona;Sufficiente;0;0;0;5;;;-1;2;Autovettura privata;In marcia / fermata / arresto;Passeggero;M;Illeso;0;;Non accertato;Inesploso
1902233;13;13/02/2012 22:15;Strada Urbana;VIA DELLE BALENIERE;all'intersezione con;VIA DELLE GONDOLE;VIA DELLE GONDOLE;;;Scontro frontale/laterale SX fra veicoli in marcia;Incrocio;Una carreggiata a doppio senso;Asciutto;Asfaltata;Orizzontale;Sereno;Scarso;Buona;Sufficiente;0;0;0;5;;;-1;2;Autovettura privata;In marcia / fermata / arresto;Passeggero;M;Illeso;0;;Non accertato;Inesistente
1902233;13;13/02/2012 22:15;Strada Urbana;VIA DELLE BALENIERE;all'intersezione con;VIA DELLE GONDOLE;VIA DELLE GONDOLE;;;Scontro frontale/laterale SX fra veicoli in marcia;Incrocio;Una carreggiata a doppio senso;Asciutto;Asfaltata;Orizzontale;Sereno;Scarso;Buona;Sufficiente;0;0;0;5;;;-1;2;Autovettura privata;In marcia / fermata / arresto;Passeggero;M;Illeso;0;;Non accertato;Inesistente
1902234;13;13/02/2012 15:00;Strada Urbana;VIA DI SAPONARA;in corrispondenza;;del civico n. ;183;;Veicolo in marcia contro veicoli in sosta;Rettilineo;Una carreggiata a doppio senso;Asciutto;Asfaltata;Verticale ed orizzontale;Sereno;Normale;Buona;Ore Diurne;0;0;0;1;;;-1;1;Autovettura privata;In marcia / fermata / arresto;Conducente;M;Illeso;0;;Non accertato;Inesistente
1902235;19;13/02/2012 16:47;Strada Urbana;VIA DELLA PALMAROLA;all'intersezione con;VIA DI CASAL DEL MARMO;VIA DI CASAL DEL MARMO;;;Scontro frontale fra veicoli in marcia;Incrocio;Una carreggiata a doppio senso;Asciutto;Asfaltata;Verticale ed orizzontale;Sereno;Normale;Buona;Sufficiente;0;0;0;2;;;-1;1;Autovettura privata;In marcia / fermata / arresto;Conducente;M;Illeso;0;;Non accertato;Inesistente
1902235;19;13/02/2012 16:47;Strada Urbana;VIA DELLA PALMAROLA;all'intersezione con;VIA DI CASAL DEL MARMO;VIA DI CASAL DEL MARMO;;;Scontro frontale fra veicoli in marcia;Incrocio;Una carreggiata a doppio senso;Asciutto;Asfaltata;Verticale ed orizzontale;Sereno;Normale;Buona;Sufficiente;0;0;0;2;;;-1;2;Autovettura privata;In marcia / fermata / arresto;Conducente;F;Illeso;0;;Non accertato;Inesistente
1902236;19;13/02/2012 21:45;Strada Urbana;VIA DI CASAL DEL MARMO;in prossimità;;del civico n. ;264;;Scontro frontale fra veicoli in marcia;Rettilineo;Una carreggiata a doppio senso;Asciutto;Asfaltata;Orizzontale;Sereno;Normale;Buona;Sufficiente;0;0;0;2;;;-1;1;Autovettura privata;In marcia / fermata / arresto;Conducente;M;Illeso;0;;Non accertato;Inesistente
1902236;19;13/02/2012 21:45;Strada Urbana;VIA DI CASAL DEL MARMO;in prossimità;;del civico n. ;264;;Scontro frontale fra veicoli in marcia;Rettilineo;Una carreggiata a doppio senso;Asciutto;Asfaltata;Orizzontale;Sereno;Normale;Buona;Sufficiente;0;0;0;2;;;-1;2;Autovettura privata;In marcia / fermata / arresto;Conducente;F;Illeso;0;;Non accertato;Inesistente
1902237;17;13/02/2012 14:20;Strada Urbana;VIA MARCANTONIO COLONNA;all'intersezione con;VIA DEGLI SCIPIONI;VIA DEGLI SCIPIONI;;;Scontro frontale/laterale DX fra veicoli in marcia;Incrocio;Una carreggiata a senso unico di marcia;Asciutto;Asfaltata;Verticale ed orizzontale;Sereno;Normale;Buona;Ore Diurne;0;0;0;2;;;-1;1;Autovettura privata;In marcia / fermata / arresto;Conducente;M;Illeso;0;;Non accertato;Inesistente
1902237;17;13/02/2012 14:20;Strada Urbana;VIA MARCANTONIO COLONNA;all'intersezione con;VIA DEGLI SCIPIONI;VIA DEGLI SCIPIONI;;;Scontro frontale/laterale DX fra veicoli in marcia;Incrocio;Una carreggiata a senso unico di marcia;Asciutto;Asfaltata;Verticale ed orizzontale;Sereno;Normale;Buona;Ore Diurne;0;0;0;2;;;-1;1;Autovettura privata;In marcia / fermata / arresto;Passeggero;M;Illeso;0;;Non accertato;Inesistente
1902238;13;13/02/2012 14:15;Strada Urbana;PIAZZA MARCO VIPSANIO AGRIPPA;da specificare;;;;interno area di sosta;Veicolo in marcia contro veicolo in sosta;Rettilineo;Una carreggiata a senso unico di marcia;Asciutto;Asfaltata;Orizzontale;Sereno;Normale;Buona;Ore Diurne;0;0;0;1;;;-1;2;Autovettura privata;In marcia / fermata / arresto;Conducente;F;Illeso;0;;Non accertato;Inesploso
1902239;13;13/02/2012 13:00;Strada Urbana;VIA FRANCESCO CILEA;in corrispondenza;;del civico n. ;15;;Veicolo in marcia contro ostacolo accidentale;Rettilineo;Una carreggiata a doppio senso;Asciutto;Asfaltata;Assente;Sereno;Normale;Sufficiente;Sufficiente;0;0;0;1;;;-1;1;Autovettura privata;In marcia / fermata / arresto;Conducente;M;Illeso;0;;Non accertato;Inesploso
1902240;13;13/02/2012 18:20;Strada Urbana;VIA FRANCESCO CILEA;in corrispondenza;;del civico n. ;3;;Veicolo in marcia contro ostacolo accidentale;Rettilineo;Una carreggiata a doppio senso;Asciutto;Con buche;Assente;Sereno;Normale;Sufficiente;Sufficiente;0;0;0;1;;;-1;1;Autovettura privata;In marcia / fermata / arresto;Conducente;F;Illeso;0;;Non accertato;Inesploso
1902241;1;09/02/2012 19:10;Strada Urbana;VIA DELLA CONSULTA;all'intersezione con;VICOLO MAZZARINO;VICOLO MAZZARINO;;;Veicolo in marcia contro ostacolo accidentale;Intersezione non regolata/non segnalata;Una carreggiata a senso unico di marcia;Viscido da liquidi oleosi;In cubetti di porfido;Verticale ed orizzontale;Sereno;Normale;Sufficiente;Sufficiente;1;0;0;0;;;-1;1;Motociclo a solo;In marcia / fermata / arresto;Conducente;M;Ricoverato;0;NON DECEDUTO;Non accertato;
1902242;7;13/02/2012 19:30;Strada Urbana;VIA DEI GLICINI;all'intersezione con;VIA DELLE SEQUOIE;VIA DELLE SEQUOIE;;;Scontro frontale/laterale SX fra veicoli in marcia;Incrocio;Una carreggiata a doppio senso;Asciutto;Asfaltata;Verticale;Sereno;Normale;Buona;Sufficiente;0;0;0;4;;;-1;1;Autovettura privata;In marcia / fermata / arresto;Conducente;F;Illeso;0;;Non accertato;Inesistente
1902242;7;13/02/2012 19:30;Strada Urbana;VIA DEI GLICINI;all'intersezione con;VIA DELLE SEQUOIE;VIA DELLE SEQUOIE;;;Scontro frontale/laterale SX fra veicoli in marcia;Incrocio;Una carreggiata a doppio senso;Asciutto;Asfaltata;Verticale;Sereno;Normale;Buona;Sufficiente;0;0;0;4;;;-1;1;Autovettura privata;In marcia / fermata / arresto;Passeggero;M;Illeso;0;;Non accertato;Inesistente
1902242;7;13/02/2012 19:30;Strada Urbana;VIA DEI GLICINI;all'intersezione con;VIA DELLE SEQUOIE;VIA DELLE SEQUOIE;;;Scontro frontale/laterale SX fra veicoli in marcia;Incrocio;Una carreggiata a doppio senso;Asciutto;Asfaltata;Verticale;Sereno;Normale;Buona;Sufficiente;0;0;0;4;;;-1;2;Autovettura privata;In marcia / fermata / arresto;Conducente;M;Illeso;0;;Non accertato;Inesistente
1902242;7;13/02/2012 19:30;Strada Urbana;VIA DEI GLICINI;all'intersezione con;VIA DELLE SEQUOIE;VIA DELLE SEQUOIE;;;Scontro frontale/laterale SX fra veicoli in marcia;Incrocio;Una carreggiata a doppio senso;Asciutto;Asfaltata;Verticale;Sereno;Normale;Buona;Sufficiente;0;0;0;4;;;-1;2;Autovettura privata;In marcia / fermata / arresto;Passeggero;M;Illeso;0;;Non accertato;Inesistente
1902243;16;10/02/2012 08:25;Strada Urbana;VIA GUIDO GUINIZELLI;all'intersezione con;VIA ALESSANDRO POERIO;VIA ALESSANDRO POERIO;;;Tamponamento Multiplo;Incrocio;Una carreggiata a senso unico di marcia;Asciutto;Asfaltata;Verticale ed orizzontale;Nuvoloso;Normale;Buona;Ore Diurne;0;0;0;1;;;-1;1;Autovettura privata;In marcia / fermata / arresto;Conducente;M;Illeso;0;;Non accertato;Esploso
1902244;7;14/02/2012 01:50;Strada Urbana;VIA DEI CASTANI;all'intersezione con;VIA DEGLI ACERI;VIA DEGLI ACERI;;;Scontro frontale/laterale SX fra veicoli in marcia;Intersezione non regolata/non segnalata;Una carreggiata a doppio senso;Asciutto;Asfaltata;Verticale ed orizzontale;Sereno;Scarso;Sufficiente;Sufficiente;0;0;0;6;;;-1;1;Autovettura privata;In marcia / fermata / arresto;Conducente;M;Illeso;0;;Non accertato;Inesploso
1902244;7;14/02/2012 01:50;Strada Urbana;VIA DEI CASTANI;all'intersezione con;VIA DEGLI ACERI;VIA DEGLI ACERI;;;Scontro frontale/laterale SX fra veicoli in marcia;Intersezione non regolata/non segnalata;Una carreggiata a doppio senso;Asciutto;Asfaltata;Verticale ed orizzontale;Sereno;Scarso;Sufficiente;Sufficiente;0;0;0;6;;;-1;1;Autovettura privata;In marcia / fermata / arresto;Passeggero;F;Illeso;0;;Non accertato;Inesploso
1902244;7;14/02/2012 01:50;Strada Urbana;VIA DEI CASTANI;all'intersezione con;VIA DEGLI ACERI;VIA DEGLI ACERI;;;Scontro frontale/laterale SX fra veicoli in marcia;Intersezione non regolata/non segnalata;Una carreggiata a doppio senso;Asciutto;Asfaltata;Verticale ed orizzontale;Sereno;Scarso;Sufficiente;Sufficiente;0;0;0;6;;;-1;1;Autovettura privata;In marcia / fermata / arresto;Passeggero;F;Illeso;0;;Non accertato;Inesploso
1902244;7;14/02/2012 01:50;Strada Urbana;VIA DEI CASTANI;all'intersezione con;VIA DEGLI ACERI;VIA DEGLI ACERI;;;Scontro frontale/laterale SX fra veicoli in marcia;Intersezione non regolata/non segnalata;Una carreggiata a doppio senso;Asciutto;Asfaltata;Verticale ed orizzontale;Sereno;Scarso;Sufficiente;Sufficiente;0;0;0;6;;;-1;1;Autovettura privata;In marcia / fermata / arresto;Passeggero;F;Illeso;0;;Non accertato;Inesploso
1902244;7;14/02/2012 01:50;Strada Urbana;VIA DEI CASTANI;all'intersezione con;VIA DEGLI ACERI;VIA DEGLI ACERI;;;Scontro frontale/laterale SX fra veicoli in marcia;Intersezione non regolata/non segnalata;Una carreggiata a doppio senso;Asciutto;Asfaltata;Verticale ed orizzontale;Sereno;Scarso;Sufficiente;Sufficiente;0;0;0;6;;;-1;2;Autovettura privata;In marcia / fermata / arresto;Conducente;M;Illeso;0;;Non accertato;Inesploso
1902244;7;14/02/2012 01:50;Strada Urbana;VIA DEI CASTANI;all'intersezione con;VIA DEGLI ACERI;VIA DEGLI ACERI;;;Scontro frontale/laterale SX fra veicoli in marcia;Intersezione non regolata/non segnalata;Una carreggiata a doppio senso;Asciutto;Asfaltata;Verticale ed orizzontale;Sereno;Scarso;Sufficiente;Sufficiente;0;0;0;6;;;-1;2;Autovettura privata;In marcia / fermata / arresto;Passeggero;M;Illeso;0;;Non accertato;Inesploso
1902245;17;13/02/2012 15:30;Strada Urbana;PIAZZA GIUSEPPE MAZZINI;da specificare;;;;altezza attraversamento pedonale di Via Oslavia;Investimento di pedone;Rotatoria;Una carreggiata a senso unico di marcia;Asciutto;Asfaltata;Verticale ed orizzontale;Sereno;Normale;Buona;Ore Diurne;1;0;0;1;;;-1;;;;Pedone;F;Rimandato;0;NON DECEDUTO;;
1902245;17;13/02/2012 15:30;Strada Urbana;PIAZZA GIUSEPPE MAZZINI;da specificare;;;;altezza attraversamento pedonale di Via Oslavia;Investimento di pedone;Rotatoria;Una carreggiata a senso unico di marcia;Asciutto;Asfaltata;Verticale ed orizzontale;Sereno;Normale;Buona;Ore Diurne;1;0;0;1;;;-1;1;Autovettura privata;In marcia / fermata / arresto;Conducente;M;Illeso;0;;Non accertato;Inesistente
1902246;1;13/02/2012 14:15;Strada Urbana;VIALE MARCO POLO;all'intersezione con;PIAZZALE OSTIENSE;PIAZZALE OSTIENSE;;;Scontro frontale/laterale DX fra veicoli in marcia;Rotatoria;Una carreggiata a doppio senso;Asciutto;Lastricata;Orizzontale;Sereno;Scarso;Buona;Ore Diurne;1;0;0;1;;;-1;1;Autovettura privata;In marcia / fermata / arresto;Conducente;M;Illeso;0;;Non accertato;Inesistente
1902246;1;13/02/2012 14:15;Strada Urbana;VIALE MARCO POLO;all'intersezione con;PIAZZALE OSTIENSE;PIAZZALE OSTIENSE;;;Scontro frontale/laterale DX fra veicoli in marcia;Rotatoria;Una carreggiata a doppio senso;Asciutto;Lastricata;Orizzontale;Sereno;Scarso;Buona;Ore Diurne;1;0;0;1;;;-1;2;Autovettura privata;In marcia / fermata / arresto;Conducente;M;Rifiuta cure immediate;0;NON DECEDUTO;Non accertato;Inesistente
1902247;20;12/02/2012 12:00;Strada Urbana;VIA GUIDO MIOTTO;all'intersezione con;VIA DELLA STAZIONE DI CESANO;VIA DELLA STAZIONE DI CESANO;;;Tamponamento;Incrocio;Una carreggiata a doppio senso;Bagnato (umidità in atto);Asfaltata;Verticale ed orizzontale;Sereno;Scarso;Buona;Ore Diurne;0;0;0;2;;;-1;1;Autovettura privata;In marcia / fermata / arresto;Conducente;M;Illeso;0;;Non accertato;Inesistente
1902247;20;12/02/2012 12:00;Strada Urbana;VIA GUIDO MIOTTO;all'intersezione con;VIA DELLA STAZIONE DI CESANO;VIA DELLA STAZIONE DI CESANO;;;Tamponamento;Incrocio;Una carreggiata a doppio senso;Bagnato (umidità in atto);Asfaltata;Verticale ed orizzontale;Sereno;Scarso;Buona;Ore Diurne;0;0;0;2;;;-1;2;Autovettura privata;In marcia / fermata / arresto;Conducente;M;Illeso;0;;Non accertato;Inesistente
1902248;1;13/02/2012 14:20;Strada Urbana;VIALE MARCO POLO;in prossimità;;del palo luce n. ;N. 3;;Scontro laterale fra veicoli in marcia;Rotatoria;Una carreggiata a doppio senso;Asciutto;Asfaltata;Verticale ed orizzontale;Sereno;Normale;Buona;Ore Diurne;0;0;0;2;;;-1;1;Autovettura privata;In marcia / fermata / arresto;Conducente;M;Illeso;0;;Non accertato;