Protocollo;Gruppo;DataOraIncidente;Localizzazione1;STRADA1;Localizzazione2;STRADA2;Strada02;Chilometrica;DaSpecificare;NaturaIncidente;particolaritastrade;TipoStrada;FondoStradale;Pavimentazione;Segnaletica;CondizioneAtmosferica;Traffico;Visibilita;Illuminazione;NUM_FERITI;NUM_RISERVATA;NUM_MORTI;NUM_ILLESI;Longitudine;Latitudine;Confermato;Progressivo;TipoVeicolo;StatoVeicolo;TipoPersona;Sesso;Tipolesione;Deceduto;DecedutoDopo;CinturaCascoUtilizzato;Airbag
1902390;10;15/02/2012 16:10;Strada Urbana;VIA DELL'AEROPORTO;in prossimità;;del civico n. ;2b;;Scontro laterale fra veicoli in marcia;Rettilineo;Una carreggiata a senso unico di marcia;Asciutto;Asfaltata;Orizzontale;Nuvoloso;Normale;Buona;Ore Diurne;1;0;0;4;;;-1;2;Autovettura privata;In marcia / fermata / arresto;Passeggero;M;Illeso;0;;Non accertato;Inesistente
1902392;16;15/02/2012 10:15;Strada Urbana;VIALE DEI COLLI PORTUENSI;all'intersezione con;LARGO NOSTRA SIGNORA DI COROMOTO;LARGO NOSTRA SIGNORA DI COROMOTO;;;Scontro laterale fra veicoli in marcia;Intersezione stradale segnalata;Due carreggiate;Asciutto;Asfaltata;Verticale ed orizzontale;Nuvoloso;Normale;Buona;Ore Diurne;1;0;0;1;;;-1;1;Autovettura privata;In marcia / fermata / arresto;Conducente;M;Illeso;0;;Non accertato;Inesistente
1902392;16;15/02/2012 10:15;Strada Urbana;VIALE DEI COLLI PORTUENSI;all'intersezione con;LARGO NOSTRA SIGNORA DI COROMOTO;LARGO NOSTRA SIGNORA DI COROMOTO;;;Scontro laterale fra veicoli in marcia;Intersezione stradale segnalata;Due carreggiate;Asciutto;Asfaltata;Verticale ed orizzontale;Nuvoloso;Normale;Buona;Ore Diurne;1;0;0;1;;;-1;2;Motociclo a solo;In marcia / fermata / arresto;Conducente;M;Rimandato;0;NON DECEDUTO;Non accertato;Inesistente
1902393;11;15/02/2012 13:00;Strada Urbana;VIA ARDEATINA;all'intersezione con;VIA GIULIO ARISTIDE SARTORIO;VIA GIULIO ARISTIDE SARTORIO;;;Tamponamento;Intersezione stradale segnalata;Una carreggiata a doppio senso;Asciutto;Asfaltata;Verticale ed orizzontale;Nuvoloso;Normale;Buona;Ore Diurne;1;0;0;2;;;-1;1;Autovettura privata;In marcia / fermata / arresto;Conducente;M;Illeso;0;;Non accertato;Inesploso
1902393;11;15/02/2012 13:00;Strada Urbana;VIA ARDEATINA;all'intersezione con;VIA GIULIO ARISTIDE SARTORIO;VIA GIULIO ARISTIDE SARTORIO;;;Tamponamento;Intersezione stradale segnalata;Una carreggiata a doppio senso;Asciutto;Asfaltata;Verticale ed orizzontale;Nuvoloso;Normale;Buona;Ore Diurne;1;0;0;2;;;-1;1;Autovettura privata;In marcia / fermata / arresto;Passeggero;M;Illeso;0;;Non accertato;Inesploso
1902393;11;15/02/2012 13:00;Strada Urbana;VIA ARDEATINA;all'intersezione con;VIA GIULIO ARISTIDE SARTORIO;VIA GIULIO ARISTIDE SARTORIO;;;Tamponamento;Intersezione stradale segnalata;Una carreggiata a doppio senso;Asciutto;Asfaltata;Verticale ed orizzontale;Nuvoloso;Normale;Buona;Ore Diurne;1;0;0;2;;;-1;2;Autovettura privata;In marcia / fermata / arresto;Conducente;M;Rimandato;0;NON DECEDUTO;Non accertato;Inesistente
1902394;11;15/02/2012 13:50;Strada Urbana;VIA GASPARE GOZZI;all'intersezione con;VIA PIETRO GIORDANI;VIA PIETRO GIORDANI;;;Investimento di pedone;Intersezione stradale segnalata;Una carreggiata a senso unico di marcia;Asciutto;Asfaltata;Verticale ed orizzontale;Nuvoloso;Scarso;Buona;Ore Diurne;1;0;0;1;;;-1;;;;Pedone;M;Rifiuta cure immediate;0;NON DECEDUTO;;
1902394;11;15/02/2012 13:50;Strada Urbana;VIA GASPARE GOZZI;all'intersezione con;VIA PIETRO GIORDANI;VIA PIETRO GIORDANI;;;Investimento di pedone;Intersezione stradale segnalata;Una carreggiata a senso unico di marcia;Asciutto;Asfaltata;Verticale ed orizzontale;Nuvoloso;Scarso;Buona;Ore Diurne;1;0;0;1;;;-1;1;Autovettura privata;In marcia / fermata / arresto;Conducente;M;Illeso;0;;Non accertato;Inesistente
1902395;12;15/02/2012 15:55;Strada Urbana;VIA RICCARDO GIGANTE;all'intersezione con;VIA ERCOLANO SALVI;VIA ERCOLANO SALVI;;;Scontro frontale/laterale DX fra veicoli in marcia;Incrocio;Due carreggiate;Asciutto;Asfaltata;Verticale ed orizzontale;Sereno;Normale;Buona;Ore Diurne;1;0;0;2;;;-1;1;Autovettura privata;In marcia / fermata / arresto;Conducente;F;Illeso;0;;Utilizzato;Inesploso
1902395;12;15/02/2012 15:55;Strada Urbana;VIA RICCARDO GIGANTE;all'intersezione con;VIA ERCOLANO SALVI;VIA ERCOLANO SALVI;;;Scontro frontale/laterale DX fra veicoli in marcia;Incrocio;Due carreggiate;Asciutto;Asfaltata;Verticale ed orizzontale;Sereno;Normale;Buona;Ore Diurne;1;0;0;2;;;-1;1;Autovettura privata;In marcia / fermata / arresto;Passeggero;F;Illeso;0;;Utilizzato;Inesistente
1902395;12;15/02/2012 15:55;Strada Urbana;VIA RICCARDO GIGANTE;all'intersezione con;VIA ERCOLANO SALVI;VIA ERCOLANO SALVI;;;Scontro frontale/laterale DX fra veicoli in marcia;Incrocio;Due carreggiate;Asciutto;Asfaltata;Verticale ed orizzontale;Sereno;Normale;Buona;Ore Diurne;1;0;0;2;;;-1;2;Autovettura privata;In marcia / fermata / arresto;Conducente;M;Rimandato;0;NON DECEDUTO;Utilizzato;Inesploso
1902396;13;15/02/2012 08:00;Strada Urbana;VIA DELLE MOLUCCHE;da specificare;;;;altezza via isole salomone;Investimento di pedone;Rettilineo;Una carreggiata a doppio senso;Bagnato (umidità in atto);Asfaltata;Verticale ed orizzontale;Sereno;Normale;Buona;Ore Diurne;1;0;0;0;;;-1;;;;Pedone;F;Rimandato;0;NON DECEDUTO;;
1902397;13;15/02/2012 16:45;Strada Urbana;PIAZZA QUARTO DEI MILLE;da specificare;;;;centro piazza;Scontro frontale/laterale DX fra veicoli in marcia;Rettilineo;Una carreggiata a doppio senso;Asciutto;Asfaltata;Assente;Sereno;Scarso;Buona;Ore Diurne;0;0;0;2;;;-1;1;Autovettura privata;In marcia / fermata / arresto;Conducente;F;Illeso;0;;Non accertato;Inesploso
1902397;13;15/02/2012 16:45;Strada Urbana;PIAZZA QUARTO DEI MILLE;da specificare;;;;centro piazza;Scontro frontale/laterale DX fra veicoli in marcia;Rettilineo;Una carreggiata a doppio senso;Asciutto;Asfaltata;Assente;Sereno;Scarso;Buona;Ore Diurne;0;0;0;2;;;-1;2;Veicolo speciale;In marcia / fermata / arresto;Conducente;M;Illeso;0;;Non accertato;Inesistente
1902399;19;15/02/2012 15:00;Strada Urbana;VIA ALBERTO TALLONE;in prossimità;;del civico n. ;8;;Veicolo in marcia contro ostacolo fisso;Rettilineo;Una carreggiata a doppio senso;Bagnato (umidità in atto);Strada pavimentata dissestata;Assente;Nuvoloso;Scarso;Sufficiente;Ore Diurne;0;0;0;2;;;-1;1;Autovettura privata;In marcia / fermata / arresto;Conducente;M;Illeso;0;;Non accertato;Inesistente
1902399;19;15/02/2012 15:00;Strada Urbana;VIA ALBERTO TALLONE;in prossimità;;del civico n. ;8;;Veicolo in marcia contro ostacolo fisso;Rettilineo;Una carreggiata a doppio senso;Bagnato (umidità in atto);Strada pavimentata dissestata;Assente;Nuvoloso;Scarso;Sufficiente;Ore Diurne;0;0;0;2;;;-1;1;Autovettura privata;In marcia / fermata / arresto;Passeggero;M;Illeso;0;;Non accertato;Inesistente
1902400;18;15/02/2012 08:20;Strada Urbana;VIA MONTE DEL MARMO;in prossimità;;del civico n. ;245;;Ribaltamento senza urto contro ostacolo fisso;Rettilineo;Una carreggiata a doppio senso;Ghiacciato;Asfaltata;Verticale ed orizzontale;Sereno;Normale;Buona;Ore Diurne;2;0;0;0;;;-1;1;Motociclo con passeggero;In marcia / fermata / arresto;Conducente;M;Rifiuta cure immediate;0;NON DECEDUTO;Non accertato;Inesistente
1902400;18;15/02/2012 08:20;Strada Urbana;VIA MONTE DEL MARMO;in prossimità;;del civico n. ;245;;Ribaltamento senza urto contro ostacolo fisso;Rettilineo;Una carreggiata a doppio senso;Ghiacciato;Asfaltata;Verticale ed orizzontale;Sereno;Normale;Buona;Ore Diurne;2;0;0;0;;;-1;1;Motociclo con passeggero;In marcia / fermata / arresto;Passeggero;F;Rimandato;0;NON DECEDUTO;Non accertato;Inesistente
1902401;5;15/02/2012 21:30;Strada Urbana;VIA CICILIANO;in prossimità;;del palo luce n. ;3;;Scontro frontale/laterale DX fra veicoli in marcia;Rettilineo;Una carreggiata a senso unico di marcia;Asciutto;Asfaltata;Verticale ed orizzontale;Nuvoloso;Normale;Sufficiente;Sufficiente;1;0;0;2;;;-1;1;Autovettura privata;In marcia / fermata / arresto;Conducente;M;Rimandato;0;NON DECEDUTO;Non accertato;Inesistente
1902401;5;15/02/2012 21:30;Strada Urbana;VIA CICILIANO;in prossimità;;del palo luce n. ;3;;Scontro frontale/laterale DX fra veicoli in marcia;Rettilineo;Una carreggiata a senso unico di marcia;Asciutto;Asfaltata;Verticale ed orizzontale;Nuvoloso;Normale;Sufficiente;Sufficiente;1;0;0;2;;;-1;2;Autovettura privata;In marcia / fermata / arresto;Conducente;M;Illeso;0;;Non accertato;Inesistente
1902401;5;15/02/2012 21:30;Strada Urbana;VIA CICILIANO;in prossimità;;del palo luce n. ;3;;Scontro frontale/laterale DX fra veicoli in marcia;Rettilineo;Una carreggiata a senso unico di marcia;Asciutto;Asfaltata;Verticale ed orizzontale;Nuvoloso;Normale;Sufficiente;Sufficiente;1;0;0;2;;;-1;2;Autovettura privata;In marcia / fermata / arresto;Passeggero;F;Illeso;0;;Non accertato;Inesistente
1902402;11;15/02/2012 22:00;Strada Urbana;VIA ANDREA MANTEGNA;all'intersezione con;VIA DEI GEORGOFILI;VIA DEI GEORGOFILI;;;Scontro frontale/laterale DX fra veicoli in marcia;Incrocio;Due carreggiate;Bagnato (umidità in atto);Asfaltata;Verticale ed orizzontale;Nuvoloso;Scarso;Sufficiente;Sufficiente;0;0;0;2;;;-1;1;Autovettura privata;In marcia / fermata / arresto;Conducente;M;Illeso;0;;Utilizzato;Inesistente
1902402;11;15/02/2012 22:00;Strada Urbana;VIA ANDREA MANTEGNA;all'intersezione con;VIA DEI GEORGOFILI;VIA DEI GEORGOFILI;;;Scontro frontale/laterale DX fra veicoli in marcia;Incrocio;Due carreggiate;Bagnato (umidità in atto);Asfaltata;Verticale ed orizzontale;Nuvoloso;Scarso;Sufficiente;Sufficiente;0;0;0;2;;;-1;2;Autovettura privata;In marcia / fermata / arresto;Conducente;M;Illeso;0;;Utilizzato;Inesistente
1902403;8;15/02/2012 05:45;Strada Urbana;VIA DI SALONE;in prossimità;;del civico n. ;321;;Scontro frontale fra veicoli in marcia;Curva a visuale libera;Una carreggiata a doppio senso;Ghiacciato;Asfaltata;Assente;Sereno;Normale;Buona;Ore Diurne;1;0;0;1;;;-1;1;Autovettura privata;In marcia / fermata / arresto;Conducente;M;Ricoverato;0;NON DECEDUTO;Non accertato;Esploso
1902403;8;15/02/2012 05:45;Strada Urbana;VIA DI SALONE;in prossimità;;del civico n. ;321;;Scontro frontale fra veicoli in marcia;Curva a visuale libera;Una carreggiata a doppio senso;Ghiacciato;Asfaltata;Assente;Sereno;Normale;Buona;Ore Diurne;1;0;0;1;;;-1;2;Autocarro inferiore 35 q.;In marcia / fermata / arresto;Conducente;M;Illeso;0;;Non accertato;Inesistente
1902404;19;15/02/2012 08:00;Strada Urbana;VIA TRIONFALE;da specificare;;;;fronte civico 8062;Veicolo in marcia contro ostacolo accidentale;Curva a visuale libera;Una carreggiata a senso unico di marcia;Ghiacciato;Asfaltata;Orizzontale;Sereno;Normale;Buona;Ore Diurne;1;0;0;0;;;-1;1;Motociclo a solo;In marcia / fermata / arresto;Conducente;M;Rifiuta cure immediate;0;NON DECEDUTO;Non accertato;Inesistente
1902405;8;15/02/2012 07:30;Strada Urbana;VIA BORORE;all'intersezione con;VIA NURAGUS;VIA NURAGUS;;;Scontro frontale/laterale SX fra veicoli in marcia;Incrocio;Una carreggiata a doppio senso;Ghiacciato;Asfaltata;Verticale;Sereno;Scarso;Buona;Ore Diurne;0;0;0;3;;;-1;1;Autocarro inferiore 35 q.;In marcia / fermata / arresto;Conducente;M;Illeso;0;;Non accertato;Inesploso
1902405;8;15/02/2012 07:30;Strada Urbana;VIA BORORE;all'intersezione con;VIA NURAGUS;VIA NURAGUS;;;Scontro frontale/laterale SX fra veicoli in marcia;Incrocio;Una carreggiata a doppio senso;Ghiacciato;Asfaltata;Verticale;Sereno;Scarso;Buona;Ore Diurne;0;0;0;3;;;-1;2;Autovettura privata;In marcia / fermata / arresto;Conducente;M;Illeso;0;;Non accertato;Inesploso
1902405;8;15/02/2012 07:30;Strada Urbana;VIA BORORE;all'intersezione con;VIA NURAGUS;VIA NURAGUS;;;Scontro frontale/laterale SX fra veicoli in marcia;Incrocio;Una carreggiata a doppio senso;Ghiacciato;Asfaltata;Verticale;Sereno;Scarso;Buona;Ore Diurne;0;0;0;3;;;-1;2;Autovettura privata;In marcia / fermata / arresto;Passeggero;M;Illeso;0;;Non utilizzato;Inesploso
1902406;8;15/02/2012 08:25;Strada Urbana;VIA GIOVAMBATTISTA CREMA;all'intersezione con;VIA NICCOLO' CANNICCI;VIA NICCOLO' CANNICCI;;;Scontro frontale fra veicoli in marcia;Incrocio;Una carreggiata a doppio senso;Asciutto;Asfaltata;Assente;Sereno;Scarso;Buona;Ore Diurne;2;0;0;0;;;-1;1;Autovettura privata;In marcia / fermata / arresto;Conducente;F;Rimandato;0;NON DECEDUTO;Non accertato;Inesploso
1902406;8;15/02/2012 08:25;Strada Urbana;VIA GIOVAMBATTISTA CREMA;all'intersezione con;VIA NICCOLO' CANNICCI;VIA NICCOLO' CANNICCI;;;Scontro frontale fra veicoli in marcia;Incrocio;Una carreggiata a doppio senso;Asciutto;Asfaltata;Assente;Sereno;Scarso;Buona;Ore Diurne;2;0;0;0;;;-1;2;Autovettura privata;In marcia / fermata / arresto;Conducente;F;Rimandato;0;NON DECEDUTO;Non accertato;Inesploso
1902407;18;15/02/2012 16:45;Statale;VIA AURELIA;in prossimità;;della chilometrica ;9;;Scontro laterale fra veicoli in marcia;Rettilineo;Due carreggiate;Asciutto;Asfaltata;Orizzontale;Sereno;Normale;Buona;Ore Diurne;0;0;0;4;;;-1;1;Autovettura privata;In marcia / fermata / arresto;Conducente;M;Illeso;0;;Non accertato;Inesploso
1902407;18;15/02/2012 16:45;Statale;VIA AURELIA;in prossimità;;della chilometrica ;9;;Scontro laterale fra veicoli in marcia;Rettilineo;Due carreggiate;Asciutto;Asfaltata;Orizzontale;Sereno;Normale;Buona;Ore Diurne;0;0;0;4;;;-1;1;Autovettura privata;In marcia / fermata / arresto;Passeggero;M;Illeso;0;;Non accertato;Inesploso
1902407;18;15/02/2012 16:45;Statale;VIA AURELIA;in prossimità;;della chilometrica ;9;;Scontro laterale fra veicoli in marcia;Rettilineo;Due carreggiate;Asciutto;Asfaltata;Orizzontale;Sereno;Normale;Buona;Ore Diurne;0;0;0;4;;;-1;2;Autovettura privata;In marcia / fermata / arresto;Conducente;F;Illeso;0;;Non accertato;Inesploso
1902407;18;15/02/2012 16:45;Statale;VIA AURELIA;in prossimità;;della chilometrica ;9;;Scontro laterale fra veicoli in marcia;Rettilineo;Due carreggiate;Asciutto;Asfaltata;Orizzontale;Sereno;Normale;Buona;Ore Diurne;0;0;0;4;;;-1;2;Autovettura privata;In marcia / fermata / arresto;Passeggero;F;Illeso;0;;Non accertato;Inesploso
1902408;6;16/02/2012 02:00;Strada Urbana;PIAZZA ROBERTO MALATESTA;in corrispondenza;;del civico n. ;21;;Veicolo in marcia contro veicolo fermo;Rettilineo;Una carreggiata a senso unico di marcia;Asciutto;Asfaltata;Verticale;Sereno;Scarso;Buona;Insufficiente;1;0;0;1;;;-1;1;Autovettura privata;In marcia / fermata / arresto;Conducente;M;Illeso;0;;Non accertato;Inesistente
1902408;6;16/02/2012 02:00;Strada Urbana;PIAZZA ROBERTO MALATESTA;in corrispondenza;;del civico n. ;21;;Veicolo in marcia contro veicolo fermo;Rettilineo;Una carreggiata a senso unico di marcia;Asciutto;Asfaltata;Verticale;Sereno;Scarso;Buona;Insufficiente;1;0;0;1;;;-1;2;Autovettura privata;Sosta;Conducente;F;Rimandato;0;NON DECEDUTO;Non accertato;Inesploso
1902409;16;15/02/2012 08:30;Strada Urbana;VIALE DEI COLLI PORTUENSI;in prossimità;;del civico n. ;240/c;;Investimento di pedone;Rettilineo;Due carreggiate;Asciutto;Asfaltata;Verticale;Sereno;Normale;Buona;Ore Diurne;2;0;0;1;;;-1;;;;Pedone;F;Ricoverato;0;NON DECEDUTO;;
1902409;16;15/02/2012 08:30;Strada Urbana;VIALE DEI COLLI PORTUENSI;in prossimità;;del civico n. ;240/c;;Investimento di pedone;Rettilineo;Due carreggiate;Asciutto;Asfaltata;Verticale;Sereno;Normale;Buona;Ore Diurne;2;0;0;1;;;-1;;;;Pedone;F;Rimandato;0;NON DECEDUTO;;
1902409;16;15/02/2012 08:30;Strada Urbana;VIALE DEI COLLI PORTUENSI;in prossimità;;del civico n. ;240/c;;Investimento di pedone;Rettilineo;Due carreggiate;Asciutto;Asfaltata;Verticale;Sereno;Normale;Buona;Ore Diurne;2;0;0;1;;;-1;1;Autovettura privata;In marcia / fermata / arresto;Conducente;M;Illeso;0;;Non accertato;Inesploso
1902410;8;15/02/2012 09:20;Strada Urbana;VIA DEL FONTANILE DI CARCARICOLA;da specificare;;;;prossimità VIA STANFORD;Veicolo in marcia contro ostacolo accidentale;Curva a visuale libera;Due carreggiate;Asciutto;Asfaltata;Verticale ed orizzontale;Sereno;Normale;Buona;Ore Diurne;0;0;0;1;;;-1;1;Autovettura privata;In marcia / fermata / arresto;Conducente;M;Illeso;0;;Non accertato;Inesistente
1902411;8;15/02/2012 09:00;Strada Urbana;VIA DEL FONTANILE DI CARCARICOLA;da specificare;;;;prossimità rotatoria VIA STANFORD dir. Romanina;Veicolo in marcia contro ostacolo accidentale;Curva a visuale libera;Due carreggiate;Asciutto;Asfaltata;Verticale ed orizzontale;Sereno;Normale;Buona;Ore Diurne;0;0;0;2;;;-1;1;Autovettura privata;In marcia / fermata / arresto;Conducente;F;Illeso;0;;Non accertato;Inesistente
1902411;8;15/02/2012 09:00;Strada Urbana;VIA DEL FONTANILE DI CARCARICOLA;da specificare;;;;prossimità rotatoria VIA STANFORD dir. Romanina;Veicolo in marcia contro ostacolo accidentale;Curva a visuale libera;Due carreggiate;Asciutto;Asfaltata;Verticale ed orizzontale;Sereno;Normale;Buona;Ore Diurne;0;0;0;2;;;-1;1;Autovettura privata;In marcia / fermata / arresto;Passeggero;F;Illeso;0;;Non accertato;Inesistente
1902412;8;15/02/2012 11:20;Strada Urbana;VIALE DELLA SORBONA;da specificare;;;;inversione marcia 100 mt dopo VIA STANFORD;Scontro laterale fra veicoli in marcia;Rettilineo;Due carreggiate;Asciutto;Asfaltata;Verticale ed orizzontale;Sereno;Normale;Buona;Ore Diurne;0;0;0;4;;;-1;1;Autovettura privata;In marcia / fermata / arresto;Conducente;F;Illeso;0;;Non accertato;Inesploso
1902412;8;15/02/2012 11:20;Strada Urbana;VIALE DELLA SORBONA;da specificare;;;;inversione marcia 100 mt dopo VIA STANFORD;Scontro laterale fra veicoli in marcia;Rettilineo;Due carreggiate;Asciutto;Asfaltata;Verticale ed orizzontale;Sereno;Normale;Buona;Ore Diurne;0;0;0;4;;;-1;1;Autovettura privata;In marcia / fermata / arresto;Passeggero;M;Illeso;0;;Non accertato;Inesploso
1902412;8;15/02/2012 11:20;Strada Urbana;VIALE DELLA SORBONA;da specificare;;;;inversione marcia 100 mt dopo VIA STANFORD;Scontro laterale fra veicoli in marcia;Rettilineo;Due carreggiate;Asciutto;Asfaltata;Verticale ed orizzontale;Sereno;Normale;Buona;Ore Diurne;0;0;0;4;;;-1;1;Autovettura privata;In marcia / fermata / arresto;Passeggero;F;Illeso;0;;Non accertato;Inesistente
1902412;8;15/02/2012 11:20;Strada Urbana;VIALE DELLA SORBONA;da specificare;;;;inversione marcia 100 mt dopo VIA STANFORD;Scontro laterale fra veicoli in marcia;Rettilineo;Due carreggiate;Asciutto;Asfaltata;Verticale ed orizzontale;Sereno;Normale;Buona;Ore Diurne;0;0;0;4;;;-1;2;Autovettura privata;In marcia / fermata / arresto;Conducente;M;Illeso;0;;Non accertato;Inesploso
1902413;8;15/02/2012 13:05;Strada Urbana;VIA SANT'ALFIO;da specificare;;;;altezza VIA PRIOLO GARGALLO;Veicolo in marcia contro veicolo in sosta;Rettilineo;Una carreggiata a senso unico di marcia;Asciutto;Asfaltata;Verticale ed orizzontale;Nuvoloso;Scarso;Buona;Ore Diurne;1;0;0;2;;;-1;1;Autovettura privata;In marcia / fermata / arresto;Passeggero;F;Illeso;0;;Non accertato;Inesistente
1902413;8;15/02/2012 13:05;Strada Urbana;VIA SANT'ALFIO;da specificare;;;;altezza VIA PRIOLO GARGALLO;Veicolo in marcia contro veicolo in sosta;Rettilineo;Una carreggiata a senso unico di marcia;Asciutto;Asfaltata;Verticale ed orizzontale;Nuvoloso;Scarso;Buona;Ore Diurne;1;0;0;2;;;-1;1;Autovettura privata;In marcia / fermata / arresto;Conducente;M;Rimandato;0;NON DECEDUTO;Non accertato;Inesistente
1902413;8;15/02/2012 13:05;Strada Urbana;VIA SANT'ALFIO;da specificare;;;;altezza VIA PRIOLO GARGALLO;Veicolo in marcia contro veicolo in sosta;Rettilineo;Una carreggiata a senso unico di marcia;Asciutto;Asfaltata;Verticale ed orizzontale;Nuvoloso;Scarso;Buona;Ore Diurne;1;0;0;2;;;-1;1;Autovettura privata;In marcia / fermata / arresto;Passeggero;F;Illeso;0;;Non accertato;Inesistente
1902414;8;15/02/2012 15:20;Strada Urbana;VIA DI TORRENOVA;da specificare;;;;altezza VIA MEROPE;Scontro laterale fra veicoli in marcia;Rettilineo;Una carreggiata a doppio senso;Asciutto;Asfaltata;Verticale ed orizzontale;Sereno;Normale;Sufficiente;Ore Diurne;0;0;0;2;;;-1;1;Autovettura privata;In marcia / fermata / arresto;Conducente;M;Illeso;0;;Non accertato;Inesploso
1902414;8;15/02/2012 15:20;Strada Urbana;VIA DI TORRENOVA;da specificare;;;;altezza VIA MEROPE;Scontro laterale fra veicoli in marcia;Rettilineo;Una carreggiata a doppio senso;Asciutto;Asfaltata;Verticale ed orizzontale;Sereno;Normale;Sufficiente;Ore Diurne;0;0;0;2;;;-1;2;Autovettura privata;In marcia / fermata / arresto;Conducente;M;Illeso;0;;Non accertato;Inesploso
1902415;8;15/02/2012 16:45;Strada Urbana;VIA TORTORICI;in corrispondenza;;del civico n. ;9;;Veicolo in marcia contro ostacolo accidentale;Rettilineo;Una carreggiata a senso unico di marcia;Asciutto;Asfaltata;Verticale;Nuvoloso;Scarso;Buona;Ore Diurne;0;0;0;1;;;-1;1;Autovettura privata;In marcia / fermata / arresto;Conducente;M;Illeso;0;;Non accertato;Inesistente
1902416;6;16/02/2012 00:20;Strada Urbana;VIALE DELLA PRIMAVERA;all'intersezione con;VIA DELLE ALBIZZIE;VIA DELLE ALBIZZIE;;;Scontro frontale/laterale SX fra veicoli in marcia;Incrocio;Due carreggiate;Asciutto;Asfaltata;Verticale ed orizzontale;Sereno;Scarso;Buona;Sufficiente;3;0;0;0;;;-1;1;Autovettura privata;In marcia / fermata / arresto;Conducente;M;Rimandato;0;NON DECEDUTO;Non accertato;Esploso
1902416;6;16/02/2012 00:20;Strada Urbana;VIALE DELLA PRIMAVERA;all'intersezione con;VIA DELLE ALBIZZIE;VIA DELLE ALBIZZIE;;;Scontro frontale/laterale SX fra veicoli in marcia;Incrocio;Due carreggiate;Asciutto;Asfaltata;Verticale ed orizzontale;Sereno;Scarso;Buona;Sufficiente;3;0;0;0;;;-1;1;Autovettura privata;In marcia / fermata / arresto;Passeggero;F;Rimandato;0;NON DECEDUTO;Non accertato;Inesistente
1902416;6;16/02/2012 00:20;Strada Urbana;VIALE DELLA PRIMAVERA;all'intersezione con;VIA DELLE ALBIZZIE;VIA DELLE ALBIZZIE;;;Scontro frontale/laterale SX fra veicoli in marcia;Incrocio;Due carreggiate;Asciutto;Asfaltata;Verticale ed orizzontale;Sereno;Scarso;Buona;Sufficiente;3;0;0;0;;;-1;2;Autovettura privata;In marcia / fermata / arresto;Conducente;F;Rimandato;0;NON DECEDUTO;Non accertato;Esploso
1902417;8;14/02/2012 17:30;Strada Urbana;VIA DI TOR BELLA MONACA;all'intersezione con;VIALE PAOLO FERDINANDO QUAGLIA;VIALE PAOLO FERDINANDO QUAGLIA;;;Scontro laterale fra veicoli in marcia;Incrocio;Una carreggiata a senso unico di marcia;Asciutto;Asfaltata;Verticale ed orizzontale;Sereno;Normale;Buona;Ore Diurne;0;0;0;1;;;-1;1;Autovettura privata;In marcia / fermata / arresto;Conducente;F;Illeso;0;;Non accertato;Inesistente
1902418;19;15/02/2012 08:00;Strada Urbana;VIA DELLA PINETA SACCHETTI;all'intersezione con;VIA TRIONFALE;VIA TRIONFALE;;;Tamponamento;Incrocio;Una carreggiata a senso unico di marcia;Ghiacciato;Asfaltata;Orizzontale;Sereno;Normale;Buona;Ore Diurne;0;0;0;2;;;-1;1;Autovettura privata;In marcia / fermata / arresto;Conducente;M;Illeso;0;;Non accertato;Inesistente
1902418;19;15/02/2012 08:00;Strada Urbana;VIA DELLA PINETA SACCHETTI;all'intersezione con;VIA TRIONFALE;VIA TRIONFALE;;;Tamponamento;Incrocio;Una carreggiata a senso unico di marcia;Ghiacciato;Asfaltata;Orizzontale;Sereno;Normale;Buona;Ore Diurne;0;0;0;2;;;-1;2;Motociclo a solo;In marcia / fermata / arresto;Conducente;M;Illeso;0;;Non accertato;Inesistente
1902419;8;15/02/2012 20:30;Strada Urbana;VIA ANGELO MARABINI;all'intersezione con;VIA RAFFAELE DE FERRARI;VIA RAFFAELE DE FERRARI;;;Scontro frontale/laterale DX fra veicoli in marcia;Incrocio;Una carreggiata a senso unico di marcia;Bagnato (pioggia);Asfaltata;Verticale ed orizzontale;Nuvoloso;Normale;Sufficiente;Sufficiente;2;0;0;1;;;-1;1;Autovettura privata;In marcia / fermata / arresto;Conducente;M;Rifiuta cure immediate;0;NON DECEDUTO;Non accertato;Inesploso
1902419;8;15/02/2012 20:30;Strada Urbana;VIA ANGELO MARABINI;all'intersezione con;VIA RAFFAELE DE FERRARI;VIA RAFFAELE DE FERRARI;;;Scontro frontale/laterale DX fra veicoli in marcia;Incrocio;Una carreggiata a senso unico di marcia;Bagnato (pioggia);Asfaltata;Verticale ed orizzontale;Nuvoloso;Normale;Sufficiente;Sufficiente;2;0;0;1;;;-1;1;Autovettura privata;In marcia / fermata / arresto;Passeggero;F;Rimandato;0;NON DECEDUTO;Non accertato;Inesistente
1902419;8;15/02/2012 20:30;Strada Urbana;VIA ANGELO MARABINI;all'intersezione con;VIA RAFFAELE DE FERRARI;VIA RAFFAELE DE FERRARI;;;Scontro frontale/laterale DX fra veicoli in marcia;Incrocio;Una carreggiata a senso unico di marcia;Bagnato (pioggia);Asfaltata;Verticale ed orizzontale;Nuvoloso;Normale;Sufficiente;Sufficiente;2;0;0;1;;;-1;2;Autovettura privata;In marcia / fermata / arresto;Conducente;M;Illeso;0;;Non accertato;Inesistente