Protocollo;Gruppo;DataOraIncidente;Localizzazione1;STRADA1;Localizzazione2;STRADA2;Strada02;Chilometrica;DaSpecificare;NaturaIncidente;particolaritastrade;TipoStrada;FondoStradale;Pavimentazione;Segnaletica;CondizioneAtmosferica;Traffico;Visibilita;Illuminazione;NUM_FERITI;NUM_RISERVATA;NUM_MORTI;NUM_ILLESI;Longitudine;Latitudine;Confermato;Progressivo;TipoVeicolo;StatoVeicolo;TipoPersona;Sesso;Tipolesione;Deceduto;DecedutoDopo;CinturaCascoUtilizzato;Airbag
1903410;10;25/02/2012 08:15;Strada Urbana;PIAZZA DI CINECITTA';all'intersezione semaforizzata con;VIALE PALMIRO TOGLIATTI;VIALE PALMIRO TOGLIATTI;;;Tamponamento;Incrocio;Due carreggiate;Asciutto;Asfaltata;Verticale ed orizzontale;Sereno;Normale;Buona;Ore Diurne;1;0;0;1;;;-1;1;Motociclo a solo;In marcia / fermata / arresto;Conducente;M;Rifiuta cure immediate;0;NON DECEDUTO;Non accertato;Inesistente
1903410;10;25/02/2012 08:15;Strada Urbana;PIAZZA DI CINECITTA';all'intersezione semaforizzata con;VIALE PALMIRO TOGLIATTI;VIALE PALMIRO TOGLIATTI;;;Tamponamento;Incrocio;Due carreggiate;Asciutto;Asfaltata;Verticale ed orizzontale;Sereno;Normale;Buona;Ore Diurne;1;0;0;1;;;-1;2;Autovettura privata;In marcia / fermata / arresto;Conducente;M;Illeso;0;;Non accertato;Inesistente
1903411;13;24/02/2012 12:15;Strada Urbana;PIAZZA TOLOSETTO FARINATA DEGLI UBERTI;da specificare;;;;altezza VIA CAPO PASSERO;Scontro frontale/laterale SX fra veicoli in marcia;Rettilineo;Una carreggiata a doppio senso;Asciutto;Asfaltata;Verticale;Sereno;Intenso;Buona;Ore Diurne;0;0;0;2;;;-1;1;Autovettura privata;In marcia / fermata / arresto;Conducente;F;Illeso;0;;Non accertato;Inesploso
1903411;13;24/02/2012 12:15;Strada Urbana;PIAZZA TOLOSETTO FARINATA DEGLI UBERTI;da specificare;;;;altezza VIA CAPO PASSERO;Scontro frontale/laterale SX fra veicoli in marcia;Rettilineo;Una carreggiata a doppio senso;Asciutto;Asfaltata;Verticale;Sereno;Intenso;Buona;Ore Diurne;0;0;0;2;;;-1;2;Autovettura privata;In marcia / fermata / arresto;Conducente;F;Illeso;0;;Non accertato;Inesploso
1903412;7;24/02/2012 11:50;Strada Urbana;VIA SANTI ROMANO;in prossimità;;del civico n. ;4;;Veicolo in marcia contro veicoli fermi;Rettilineo;Una carreggiata a doppio senso;Asciutto;Asfaltata;Orizzontale;Sereno;Normale;Buona;Ore Diurne;0;0;0;1;;;-1;1;Autovettura privata;In marcia / fermata / arresto;Conducente;M;Illeso;0;;Utilizzato;Inesploso
1903413;20;26/02/2012 19:30;Strada Urbana;VIA DI VALLE MURICANA;da specificare;;;;prossimità Via Rogeno;Scontro frontale/laterale SX fra veicoli in marcia;Rettilineo;Una carreggiata a doppio senso;Asciutto;Asfaltata;Verticale ed orizzontale;Sereno;Scarso;Sufficiente;Sufficiente;4;0;0;2;;;-1;1;Autovettura privata;In marcia / fermata / arresto;Passeggero;F;Rimandato;0;NON DECEDUTO;Non accertato;Inesploso
1903413;20;26/02/2012 19:30;Strada Urbana;VIA DI VALLE MURICANA;da specificare;;;;prossimità Via Rogeno;Scontro frontale/laterale SX fra veicoli in marcia;Rettilineo;Una carreggiata a doppio senso;Asciutto;Asfaltata;Verticale ed orizzontale;Sereno;Scarso;Sufficiente;Sufficiente;4;0;0;2;;;-1;1;Autovettura privata;In marcia / fermata / arresto;Conducente;M;Rimandato;0;NON DECEDUTO;Non accertato;Inesploso
1903413;20;26/02/2012 19:30;Strada Urbana;VIA DI VALLE MURICANA;da specificare;;;;prossimità Via Rogeno;Scontro frontale/laterale SX fra veicoli in marcia;Rettilineo;Una carreggiata a doppio senso;Asciutto;Asfaltata;Verticale ed orizzontale;Sereno;Scarso;Sufficiente;Sufficiente;4;0;0;2;;;-1;1;Autovettura privata;In marcia / fermata / arresto;Passeggero;F;Illeso;0;;Non accertato;Esploso
1903413;20;26/02/2012 19:30;Strada Urbana;VIA DI VALLE MURICANA;da specificare;;;;prossimità Via Rogeno;Scontro frontale/laterale SX fra veicoli in marcia;Rettilineo;Una carreggiata a doppio senso;Asciutto;Asfaltata;Verticale ed orizzontale;Sereno;Scarso;Sufficiente;Sufficiente;4;0;0;2;;;-1;1;Autovettura privata;In marcia / fermata / arresto;Passeggero;M;Rimandato;0;NON DECEDUTO;Non accertato;Inesistente
1903413;20;26/02/2012 19:30;Strada Urbana;VIA DI VALLE MURICANA;da specificare;;;;prossimità Via Rogeno;Scontro frontale/laterale SX fra veicoli in marcia;Rettilineo;Una carreggiata a doppio senso;Asciutto;Asfaltata;Verticale ed orizzontale;Sereno;Scarso;Sufficiente;Sufficiente;4;0;0;2;;;-1;2;Autovettura privata;In marcia / fermata / arresto;Conducente;M;Rifiuta cure immediate;0;NON DECEDUTO;Non accertato;Inesistente
1903413;20;26/02/2012 19:30;Strada Urbana;VIA DI VALLE MURICANA;da specificare;;;;prossimità Via Rogeno;Scontro frontale/laterale SX fra veicoli in marcia;Rettilineo;Una carreggiata a doppio senso;Asciutto;Asfaltata;Verticale ed orizzontale;Sereno;Scarso;Sufficiente;Sufficiente;4;0;0;2;;;-1;2;Autovettura privata;In marcia / fermata / arresto;Passeggero;;Illeso;0;;Non accertato;Inesploso
1903414;5;25/02/2012 01:50;Strada Urbana;VIALE DELLA SERENISSIMA;in corrispondenza;;del civico n. ;26;;Tamponamento;Rettilineo;Due carreggiate;Asciutto;Asfaltata;Verticale ed orizzontale;Sereno;Scarso;Sufficiente;Sufficiente;1;0;0;1;;;-1;1;Autovettura privata;In marcia / fermata / arresto;Conducente;M;Rimandato;0;NON DECEDUTO;Non accertato;Inesistente
1903414;5;25/02/2012 01:50;Strada Urbana;VIALE DELLA SERENISSIMA;in corrispondenza;;del civico n. ;26;;Tamponamento;Rettilineo;Due carreggiate;Asciutto;Asfaltata;Verticale ed orizzontale;Sereno;Scarso;Sufficiente;Sufficiente;1;0;0;1;;;-1;2;Autovettura privata;In marcia / fermata / arresto;Conducente;M;Illeso;0;;Non accertato;Inesistente
1903415;10;25/02/2012 08:45;Strada Urbana;VIA DEI SETTE METRI;all'intersezione con;VIA DI TORRE MORENA;VIA DI TORRE MORENA;;;Scontro frontale fra veicoli in marcia;Incrocio;Una carreggiata a doppio senso;Asciutto;Asfaltata;Verticale;Sereno;Scarso;Buona;Ore Diurne;1;0;0;1;;;-1;1;Motociclo a solo;In marcia / fermata / arresto;Conducente;M;Rimandato;0;NON DECEDUTO;Non accertato;Inesistente
1903415;10;25/02/2012 08:45;Strada Urbana;VIA DEI SETTE METRI;all'intersezione con;VIA DI TORRE MORENA;VIA DI TORRE MORENA;;;Scontro frontale fra veicoli in marcia;Incrocio;Una carreggiata a doppio senso;Asciutto;Asfaltata;Verticale;Sereno;Scarso;Buona;Ore Diurne;1;0;0;1;;;-1;2;Autovettura privata;In marcia / fermata / arresto;Conducente;M;Illeso;0;;Non accertato;Inesistente
1903416;20;26/02/2012 22:10;Regionale entro l'abitato;VIA CASSIA;in corrispondenza;;del civico n. ;1707;;Veicolo in marcia contro ostacolo accidentale;Curva senza visuale libera;Una carreggiata a doppio senso;Asciutto;Asfaltata;Verticale ed orizzontale;Nuvoloso;Scarso;Sufficiente;Sufficiente;0;0;0;1;;;-1;1;Autovettura privata;In marcia / fermata / arresto;Conducente;M;Illeso;0;;Non accertato;Inesistente
1903417;10;25/02/2012 20:42;Strada Urbana;PIAZZA DI CINECITTA';da specificare;;;;prox laterale ingresso Municipio;Scontro laterale fra veicoli in marcia;Rettilineo;Due carreggiate;Asciutto;Asfaltata;Verticale ed orizzontale;Sereno;Scarso;Sufficiente;Sufficiente;0;0;0;3;;;-1;1;Autovettura privata;In marcia / fermata / arresto;Conducente;M;Illeso;0;;Non accertato;Inesploso
1903417;10;25/02/2012 20:42;Strada Urbana;PIAZZA DI CINECITTA';da specificare;;;;prox laterale ingresso Municipio;Scontro laterale fra veicoli in marcia;Rettilineo;Due carreggiate;Asciutto;Asfaltata;Verticale ed orizzontale;Sereno;Scarso;Sufficiente;Sufficiente;0;0;0;3;;;-1;2;Autovettura privata;In marcia / fermata / arresto;Conducente;M;Illeso;0;;Non accertato;Inesistente
1903417;10;25/02/2012 20:42;Strada Urbana;PIAZZA DI CINECITTA';da specificare;;;;prox laterale ingresso Municipio;Scontro laterale fra veicoli in marcia;Rettilineo;Due carreggiate;Asciutto;Asfaltata;Verticale ed orizzontale;Sereno;Scarso;Sufficiente;Sufficiente;0;0;0;3;;;-1;2;Autovettura privata;In marcia / fermata / arresto;Passeggero;F;Illeso;0;;Non accertato;Inesistente
1903418;10;26/02/2012 15:15;Strada Urbana;VIA ANAGNINA;da specificare;;;;fronte civico 271;Scontro frontale/laterale SX fra veicoli in marcia;Curva a visuale libera;Due carreggiate;Asciutto;Asfaltata;Verticale ed orizzontale;Sereno;Scarso;Buona;Ore Diurne;0;0;0;4;;;-1;1;Autovettura privata;In marcia / fermata / arresto;Conducente;M;Illeso;0;;Non accertato;Inesistente
1903418;10;26/02/2012 15:15;Strada Urbana;VIA ANAGNINA;da specificare;;;;fronte civico 271;Scontro frontale/laterale SX fra veicoli in marcia;Curva a visuale libera;Due carreggiate;Asciutto;Asfaltata;Verticale ed orizzontale;Sereno;Scarso;Buona;Ore Diurne;0;0;0;4;;;-1;1;Autovettura privata;In marcia / fermata / arresto;Passeggero;F;Illeso;0;;Non accertato;Inesistente
1903418;10;26/02/2012 15:15;Strada Urbana;VIA ANAGNINA;da specificare;;;;fronte civico 271;Scontro frontale/laterale SX fra veicoli in marcia;Curva a visuale libera;Due carreggiate;Asciutto;Asfaltata;Verticale ed orizzontale;Sereno;Scarso;Buona;Ore Diurne;0;0;0;4;;;-1;2;Autovettura privata;In marcia / fermata / arresto;Conducente;F;Illeso;0;;Non accertato;Inesistente
1903418;10;26/02/2012 15:15;Strada Urbana;VIA ANAGNINA;da specificare;;;;fronte civico 271;Scontro frontale/laterale SX fra veicoli in marcia;Curva a visuale libera;Due carreggiate;Asciutto;Asfaltata;Verticale ed orizzontale;Sereno;Scarso;Buona;Ore Diurne;0;0;0;4;;;-1;2;Autovettura privata;In marcia / fermata / arresto;Passeggero;F;Illeso;0;;Non accertato;Inesistente
1903420;5;25/02/2012 07:10;Strada Urbana;VIA BELMONTE IN SABINA;da specificare;;;;CARR. DIR. TORRACCIA A CA. 100 MT SVINC. TORRACCIA;Scontro laterale fra veicoli in marcia;Rettilineo;Una carreggiata a senso unico di marcia;Asciutto;Asfaltata;Verticale ed orizzontale;Sereno;Scarso;Buona;Ore Diurne;1;0;0;1;;;-1;1;Autovettura privata;In marcia / fermata / arresto;Conducente;M;Illeso;0;;Non accertato;Inesploso
1903420;5;25/02/2012 07:10;Strada Urbana;VIA BELMONTE IN SABINA;da specificare;;;;CARR. DIR. TORRACCIA A CA. 100 MT SVINC. TORRACCIA;Scontro laterale fra veicoli in marcia;Rettilineo;Una carreggiata a senso unico di marcia;Asciutto;Asfaltata;Verticale ed orizzontale;Sereno;Scarso;Buona;Ore Diurne;1;0;0;1;;;-1;2;Autovettura privata;In marcia / fermata / arresto;Conducente;M;Rimandato;0;NON DECEDUTO;Non accertato;Inesistente
1903421;10;26/02/2012 19:50;Strada Urbana;VIA SOVERATO;all'intersezione con;VIA ROMBIOLO;VIA ROMBIOLO;;;Veicolo in marcia contro veicoli fermi;Incrocio;Una carreggiata a doppio senso;Bagnato (umidità in atto);Asfaltata;Verticale;Nuvoloso;Scarso;Sufficiente;Sufficiente;0;0;0;3;;;-1;1;Autovettura privata;In marcia / fermata / arresto;Conducente;M;Illeso;0;;Non accertato;Inesistente
1903421;10;26/02/2012 19:50;Strada Urbana;VIA SOVERATO;all'intersezione con;VIA ROMBIOLO;VIA ROMBIOLO;;;Veicolo in marcia contro veicoli fermi;Incrocio;Una carreggiata a doppio senso;Bagnato (umidità in atto);Asfaltata;Verticale;Nuvoloso;Scarso;Sufficiente;Sufficiente;0;0;0;3;;;-1;2;Autovettura privata;In marcia / fermata / arresto;Conducente;M;Illeso;0;;Non accertato;Inesistente
1903421;10;26/02/2012 19:50;Strada Urbana;VIA SOVERATO;all'intersezione con;VIA ROMBIOLO;VIA ROMBIOLO;;;Veicolo in marcia contro veicoli fermi;Incrocio;Una carreggiata a doppio senso;Bagnato (umidità in atto);Asfaltata;Verticale;Nuvoloso;Scarso;Sufficiente;Sufficiente;0;0;0;3;;;-1;2;Autovettura privata;In marcia / fermata / arresto;Passeggero;F;Illeso;0;;Non accertato;Inesistente
1903423;5;25/02/2012 13:20;Strada Urbana;LARGO ANTONIO BELTRAMELLI;in prossimità;;del civico n. ;37;;Investimento di pedone;Rettilineo;Due carreggiate;Asciutto;Asfaltata;Verticale ed orizzontale;Sereno;Intenso;Buona;Ore Diurne;1;0;0;1;;;-1;;;;Pedone;M;Rimandato;0;NON DECEDUTO;;
1903423;5;25/02/2012 13:20;Strada Urbana;LARGO ANTONIO BELTRAMELLI;in prossimità;;del civico n. ;37;;Investimento di pedone;Rettilineo;Due carreggiate;Asciutto;Asfaltata;Verticale ed orizzontale;Sereno;Intenso;Buona;Ore Diurne;1;0;0;1;;;-1;1;Autovettura privata;In marcia / fermata / arresto;Conducente;M;Illeso;0;;Non accertato;Inesistente
1903424;10;26/02/2012 20:00;Strada Urbana;VIA FRANCICA;all'intersezione con;VIA LIMBADI;VIA LIMBADI;;;Scontro frontale/laterale SX fra veicoli in marcia;Incrocio;Una carreggiata a doppio senso;Bagnato (pioggia);Asfaltata;Assente;Nuvoloso;Scarso;Sufficiente;Sufficiente;0;0;0;3;;;-1;1;Autocarro inferiore 35 q.;In marcia / fermata / arresto;Conducente;M;Illeso;0;;Non accertato;Inesistente
1903424;10;26/02/2012 20:00;Strada Urbana;VIA FRANCICA;all'intersezione con;VIA LIMBADI;VIA LIMBADI;;;Scontro frontale/laterale SX fra veicoli in marcia;Incrocio;Una carreggiata a doppio senso;Bagnato (pioggia);Asfaltata;Assente;Nuvoloso;Scarso;Sufficiente;Sufficiente;0;0;0;3;;;-1;2;Autovettura privata;In marcia / fermata / arresto;Conducente;F;Illeso;0;;Non accertato;Inesistente
1903424;10;26/02/2012 20:00;Strada Urbana;VIA FRANCICA;all'intersezione con;VIA LIMBADI;VIA LIMBADI;;;Scontro frontale/laterale SX fra veicoli in marcia;Incrocio;Una carreggiata a doppio senso;Bagnato (pioggia);Asfaltata;Assente;Nuvoloso;Scarso;Sufficiente;Sufficiente;0;0;0;3;;;-1;2;Autovettura privata;In marcia / fermata / arresto;Passeggero;F;Illeso;0;;Non accertato;Inesistente
1903425;7;25/02/2012 12:45;Strada Urbana;VIALE PALMIRO TOGLIATTI;da specificare;;;;altezza Via dei Sesami;Tamponamento;Rettilineo;Due carreggiate;Asciutto;Asfaltata;Orizzontale;Sereno;Normale;Buona;Ore Diurne;0;0;0;5;;;-1;1;Autovettura privata;In marcia / fermata / arresto;Conducente;M;Illeso;0;;Non accertato;Inesistente
1903425;7;25/02/2012 12:45;Strada Urbana;VIALE PALMIRO TOGLIATTI;da specificare;;;;altezza Via dei Sesami;Tamponamento;Rettilineo;Due carreggiate;Asciutto;Asfaltata;Orizzontale;Sereno;Normale;Buona;Ore Diurne;0;0;0;5;;;-1;2;Autovettura privata;In marcia / fermata / arresto;Conducente;F;Illeso;0;;Non accertato;Inesistente
1903425;7;25/02/2012 12:45;Strada Urbana;VIALE PALMIRO TOGLIATTI;da specificare;;;;altezza Via dei Sesami;Tamponamento;Rettilineo;Due carreggiate;Asciutto;Asfaltata;Orizzontale;Sereno;Normale;Buona;Ore Diurne;0;0;0;5;;;-1;2;Autovettura privata;In marcia / fermata / arresto;Passeggero;M;Illeso;0;;Non accertato;Inesploso
1903425;7;25/02/2012 12:45;Strada Urbana;VIALE PALMIRO TOGLIATTI;da specificare;;;;altezza Via dei Sesami;Tamponamento;Rettilineo;Due carreggiate;Asciutto;Asfaltata;Orizzontale;Sereno;Normale;Buona;Ore Diurne;0;0;0;5;;;-1;2;Autovettura privata;In marcia / fermata / arresto;Passeggero;F;Illeso;0;;Non accertato;Inesploso
1903425;7;25/02/2012 12:45;Strada Urbana;VIALE PALMIRO TOGLIATTI;da specificare;;;;altezza Via dei Sesami;Tamponamento;Rettilineo;Due carreggiate;Asciutto;Asfaltata;Orizzontale;Sereno;Normale;Buona;Ore Diurne;0;0;0;5;;;-1;2;Autovettura privata;In marcia / fermata / arresto;Passeggero;M;Illeso;0;;Non accertato;Inesploso
1903426;5;25/02/2012 14:30;Strada Urbana;VIA GALLA PLACIDIA;in prossimità;;del civico n. ;4/B;;Scontro laterale fra veicoli in marcia;Rettilineo;Una carreggiata a senso unico di marcia;Asciutto;Asfaltata;Verticale;Sereno;Normale;Buona;Ore Diurne;0;0;0;4;;;-1;1;Autovettura privata;In marcia / fermata / arresto;Conducente;F;Illeso;0;;Non accertato;Inesistente
1903426;5;25/02/2012 14:30;Strada Urbana;VIA GALLA PLACIDIA;in prossimità;;del civico n. ;4/B;;Scontro laterale fra veicoli in marcia;Rettilineo;Una carreggiata a senso unico di marcia;Asciutto;Asfaltata;Verticale;Sereno;Normale;Buona;Ore Diurne;0;0;0;4;;;-1;1;Autovettura privata;In marcia / fermata / arresto;Passeggero;M;Illeso;0;;Non accertato;Inesistente
1903426;5;25/02/2012 14:30;Strada Urbana;VIA GALLA PLACIDIA;in prossimità;;del civico n. ;4/B;;Scontro laterale fra veicoli in marcia;Rettilineo;Una carreggiata a senso unico di marcia;Asciutto;Asfaltata;Verticale;Sereno;Normale;Buona;Ore Diurne;0;0;0;4;;;-1;1;Autovettura privata;In marcia / fermata / arresto;Passeggero;F;Illeso;0;;Non accertato;Inesistente
1903426;5;25/02/2012 14:30;Strada Urbana;VIA GALLA PLACIDIA;in prossimità;;del civico n. ;4/B;;Scontro laterale fra veicoli in marcia;Rettilineo;Una carreggiata a senso unico di marcia;Asciutto;Asfaltata;Verticale;Sereno;Normale;Buona;Ore Diurne;0;0;0;4;;;-1;2;Autovettura privata;In marcia / fermata / arresto;Conducente;F;Illeso;0;;Non accertato;Inesistente
1903427;6;25/02/2012 16:45;Strada Urbana;VIA ALBONA;all'intersezione con;VIA ROVIGNO D'ISTRIA;VIA ROVIGNO D'ISTRIA;;;Scontro frontale/laterale DX fra veicoli in marcia;Incrocio;Due carreggiate;Asciutto;Asfaltata;Verticale;Sereno;Scarso;Buona;Ore Diurne;0;0;0;3;;;-1;1;Autovettura privata;In marcia / fermata / arresto;Conducente;M;Illeso;0;;Non accertato;Inesistente
1903427;6;25/02/2012 16:45;Strada Urbana;VIA ALBONA;all'intersezione con;VIA ROVIGNO D'ISTRIA;VIA ROVIGNO D'ISTRIA;;;Scontro frontale/laterale DX fra veicoli in marcia;Incrocio;Due carreggiate;Asciutto;Asfaltata;Verticale;Sereno;Scarso;Buona;Ore Diurne;0;0;0;3;;;-1;1;Autovettura privata;In marcia / fermata / arresto;Passeggero;M;Illeso;0;;Non accertato;Inesploso
1903427;6;25/02/2012 16:45;Strada Urbana;VIA ALBONA;all'intersezione con;VIA ROVIGNO D'ISTRIA;VIA ROVIGNO D'ISTRIA;;;Scontro frontale/laterale DX fra veicoli in marcia;Incrocio;Due carreggiate;Asciutto;Asfaltata;Verticale;Sereno;Scarso;Buona;Ore Diurne;0;0;0;3;;;-1;2;Autovettura privata;In marcia / fermata / arresto;Conducente;M;Illeso;0;;Non accertato;Inesistente
1903428;13;24/02/2012 22:00;Statale entro l'abitato;VIA OSTIENSE;da specificare;;;;calle;Veicolo in marcia contro ostacolo fisso;Curva a visuale libera;Una carreggiata a senso unico di marcia;Asciutto;Asfaltata;Verticale ed orizzontale;Sereno;Normale;Buona;Sufficiente;0;0;0;1;;;-1;1;Autovettura privata;In marcia / fermata / arresto;Conducente;M;Illeso;0;;Non accertato;Inesploso
1903429;1;25/02/2012 17:35;Strada Urbana;PIAZZA DI PORTA CAPENA;da specificare;;;;.;Scontro laterale fra veicoli in marcia;Rettilineo;Più di due carreggiate;Asciutto;Asfaltata;Verticale ed orizzontale;Sereno;Normale;Buona;Ore Diurne;0;0;0;9;;;-1;1;Autovettura privata;In marcia / fermata / arresto;Conducente;M;Illeso;0;;Non accertato;Inesistente
1903429;1;25/02/2012 17:35;Strada Urbana;PIAZZA DI PORTA CAPENA;da specificare;;;;.;Scontro laterale fra veicoli in marcia;Rettilineo;Più di due carreggiate;Asciutto;Asfaltata;Verticale ed orizzontale;Sereno;Normale;Buona;Ore Diurne;0;0;0;9;;;-1;1;Autovettura privata;In marcia / fermata / arresto;Passeggero;F;Illeso;0;;Non accertato;Inesistente
1903429;1;25/02/2012 17:35;Strada Urbana;PIAZZA DI PORTA CAPENA;da specificare;;;;.;Scontro laterale fra veicoli in marcia;Rettilineo;Più di due carreggiate;Asciutto;Asfaltata;Verticale ed orizzontale;Sereno;Normale;Buona;Ore Diurne;0;0;0;9;;;-1;1;Autovettura privata;In marcia / fermata / arresto;Passeggero;M;Illeso;0;;Non accertato;Inesistente
1903429;1;25/02/2012 17:35;Strada Urbana;PIAZZA DI PORTA CAPENA;da specificare;;;;.;Scontro laterale fra veicoli in marcia;Rettilineo;Più di due carreggiate;Asciutto;Asfaltata;Verticale ed orizzontale;Sereno;Normale;Buona;Ore Diurne;0;0;0;9;;;-1;1;Autovettura privata;In marcia / fermata / arresto;Passeggero;M;Illeso;0;;Non accertato;Inesistente
1903429;1;25/02/2012 17:35;Strada Urbana;PIAZZA DI PORTA CAPENA;da specificare;;;;.;Scontro laterale fra veicoli in marcia;Rettilineo;Più di due carreggiate;Asciutto;Asfaltata;Verticale ed orizzontale;Sereno;Normale;Buona;Ore Diurne;0;0;0;9;;;-1;2;Autovettura privata;In marcia / fermata / arresto;Conducente;M;Illeso;0;;Non accertato;Inesistente
1903429;1;25/02/2012 17:35;Strada Urbana;PIAZZA DI PORTA CAPENA;da specificare;;;;.;Scontro laterale fra veicoli in marcia;Rettilineo;Più di due carreggiate;Asciutto;Asfaltata;Verticale ed orizzontale;Sereno;Normale;Buona;Ore Diurne;0;0;0;9;;;-1;2;Autovettura privata;In marcia / fermata / arresto;Passeggero;F;Illeso;0;;Non accertato;Inesistente
1903429;1;25/02/2012 17:35;Strada Urbana;PIAZZA DI PORTA CAPENA;da specificare;;;;.;Scontro laterale fra veicoli in marcia;Rettilineo;Più di due carreggiate;Asciutto;Asfaltata;Verticale ed orizzontale;Sereno;Normale;Buona;Ore Diurne;0;0;0;9;;;-1;2;Autovettura privata;In marcia / fermata / arresto;Passeggero;M;Illeso;0;;Non accertato;Inesistente
1903429;1;25/02/2012 17:35;Strada Urbana;PIAZZA DI PORTA CAPENA;da specificare;;;;.;Scontro laterale fra veicoli in marcia;Rettilineo;Più di due carreggiate;Asciutto;Asfaltata;Verticale ed orizzontale;Sereno;Normale;Buona;Ore Diurne;0;0;0;9;;;-1;2;Autovettura privata;In marcia / fermata / arresto;Passeggero;F;Illeso;0;;Non accertato;Esploso
1903429;1;25/02/2012 17:35;Strada Urbana;PIAZZA DI PORTA CAPENA;da specificare;;;;.;Scontro laterale fra veicoli in marcia;Rettilineo;Più di due carreggiate;Asciutto;Asfaltata;Verticale ed orizzontale;Sereno;Normale;Buona;Ore Diurne;0;0;0;9;;;-1;2;Autovettura privata;In marcia / fermata / arresto;Passeggero;M;Illeso;0;;Non accertato;Inesistente
1903430;5;24/02/2012 16:25;Strada Urbana;VIA LUIGI VITTORIO BERTARELLI;da specificare;;;;PROSSIMITA' INTERSEZIONE CON VIA DI S. ROMANO;Scontro laterale fra veicoli in marcia;Rettilineo;Una carreggiata a doppio senso;Asciutto;Asfaltata;Assente;Sereno;Scarso;Buona;Ore Diurne;0;0;0;2;;;-1;1;Autovettura privata;In marcia / fermata / arresto;Conducente;M;Illeso;0;;Non accertato;Inesistente
1903430;5;24/02/2012 16:25;Strada Urbana;VIA LUIGI VITTORIO BERTARELLI;da specificare;;;;PROSSIMITA' INTERSEZIONE CON VIA DI S. ROMANO;Scontro laterale fra veicoli in marcia;Rettilineo;Una carreggiata a doppio senso;Asciutto;Asfaltata;Assente;Sereno;Scarso;Buona;Ore Diurne;0;0;0;2;;;-1;2;Autovettura privata;In marcia / fermata / arresto;Conducente;M;Illeso;0;;Non accertato;
1903431;5;26/02/2012 02:30;Strada Urbana;VIA DI MARCO SIMONE;all'intersezione con;VIA LUDOVICO MURATORI;VIA LUDOVICO MURATORI;;;Scontro frontale fra veicoli in marcia;Incrocio;Una carreggiata a doppio senso;Asciutto;Asfaltata;Orizzontale;Sereno;Scarso;Sufficiente;Sufficiente;1;0;0;1;;;-1;1;Autovettura privata;In marcia / fermata / arresto;Conducente;M;Illeso;0;;Non accertato;Inesistente
1903431;5;26/02/2012 02:30;Strada Urbana;VIA DI MARCO SIMONE;all'intersezione con;VIA LUDOVICO MURATORI;VIA LUDOVICO MURATORI;;;Scontro frontale fra veicoli in marcia;Incrocio;Una carreggiata a doppio senso;Asciutto;Asfaltata;Orizzontale;Sereno;Scarso;Sufficiente;Sufficiente;1;0;0;1;;;-1;2;Motociclo a solo;In marcia / fermata / arresto;Conducente;M;Rimandato;0;NON DECEDUTO;Non accertato;Inesistente
1903432;1;24/02/2012 22:50;Strada Urbana;PIAZZA VITTORIO EMANUELE II;all'intersezione con;VIA CONTE VERDE;VIA CONTE VERDE;;;Scontro frontale/laterale DX fra veicoli in marcia;Intersezione stradale segnalata;Una carreggiata a doppio senso;Asciutto;Lastricata;Verticale ed orizzontale;Sereno;Scarso;Sufficiente;Sufficiente;0;0;0;2;;;-1;1;Autovettura privata;In marcia / fermata / arresto;Conducente;F;Illeso;0;;Non accertato;Inesploso
1903432;1;24/02/2012 22:50;Strada Urbana;PIAZZA VITTORIO EMANUELE II;all'intersezione con;VIA CONTE VERDE;VIA CONTE VERDE;;;Scontro frontale/laterale DX fra veicoli in marcia;Intersezione stradale segnalata;Una carreggiata a doppio senso;Asciutto;Lastricata;Verticale ed orizzontale;Sereno;Scarso;Sufficiente;Sufficiente;0;0;0;2;;;-1;2;Autovettura privata;In marcia / fermata / arresto;Conducente;M;Illeso;0;;Non accertato;Inesploso
1903433;5;26/02/2012 08:55;Strada Urbana;VIALE PALMIRO TOGLIATTI;in prossimità;;del civico n. ;1477;;Veicolo in marcia contro veicoli fermi;Rettilineo;Due carreggiate;Asciutto;Asfaltata;Verticale ed orizzontale;Sereno;Scarso;Buona;Ore Diurne;1;0;0;1;;;-1;1;Autovettura privata;In marcia / fermata / arresto;Conducente;M;Rimandato;0;NON DECEDUTO;Non accertato;
1903433;5;26/02/2012 08:55;Strada Urbana;VIALE PALMIRO TOGLIATTI;in prossimità;;del civico n. ;1477;;Veicolo in marcia contro veicoli fermi;Rettilineo;Due carreggiate;Asciutto;Asfaltata;Verticale ed orizzontale;Sereno;Scarso;Buona;Ore Diurne;1;0;0;1;;;-1;2;Autovettura privata;Sosta;Passeggero;F;Illeso;0;;Non accertato;
1903434;13;25/02/2012 12:40;Strada Urbana;VIA CARLO MARENCO DI MORIONDO;all'intersezione con;VIA COSTANZO CASANA;VIA COSTANZO CASANA;;;Scontro frontale/laterale DX fra veicoli in marcia;Incrocio;Una carreggiata a doppio senso;Asciutto;Asfaltata;Verticale ed orizzontale;Sereno;Normale;Buona;Ore Diurne;2;0;0;1;;;-1;1;Autovettura privata;In marcia / fermata / arresto;Conducente;M;Illeso;0;;Non accertato;Inesploso
1903434;13;25/02/2012 12:40;Strada Urbana;VIA CARLO MARENCO DI MORIONDO;all'intersezione con;VIA COSTANZO CASANA;VIA COSTANZO CASANA;;;Scontro frontale/laterale DX fra veicoli in marcia;Incrocio;Una carreggiata a doppio senso;Asciutto;Asfaltata;Verticale ed orizzontale;Sereno;Normale;Buona;Ore Diurne;2;0;0;1;;;-1;2;Autovettura privata;In marcia / fermata / arresto;Conducente;F;Rimandato;0;NON DECEDUTO;Non accertato;Inesploso