Protocollo;Gruppo;DataOraIncidente;Localizzazione1;STRADA1;Localizzazione2;STRADA2;Strada02;Chilometrica;DaSpecificare;NaturaIncidente;particolaritastrade;TipoStrada;FondoStradale;Pavimentazione;Segnaletica;CondizioneAtmosferica;Traffico;Visibilita;Illuminazione;NUM_FERITI;NUM_RISERVATA;NUM_MORTI;NUM_ILLESI;Longitudine;Latitudine;Confermato;Progressivo;TipoVeicolo;StatoVeicolo;TipoPersona;Sesso;Tipolesione;Deceduto;DecedutoDopo;CinturaCascoUtilizzato;Airbag
1903538;11;27/02/2012 18:15;Strada Urbana;VIA DI TOR CARBONE;all'intersezione con;VIA EVODIA;VIA EVODIA;;;Infortunio per caduta del veicolo;Intersezione stradale segnalata;Due carreggiate;Asciutto;Asfaltata;Verticale ed orizzontale;Sereno;Normale;Sufficiente;Sufficiente;1;0;0;3;;;-1;1;Autovettura privata;In marcia / fermata / arresto;Passeggero;M;Illeso;0;;Non accertato;Inesistente
1903538;11;27/02/2012 18:15;Strada Urbana;VIA DI TOR CARBONE;all'intersezione con;VIA EVODIA;VIA EVODIA;;;Infortunio per caduta del veicolo;Intersezione stradale segnalata;Due carreggiate;Asciutto;Asfaltata;Verticale ed orizzontale;Sereno;Normale;Sufficiente;Sufficiente;1;0;0;3;;;-1;1;Autovettura privata;In marcia / fermata / arresto;Passeggero;M;Illeso;0;;Non accertato;Inesistente
1903538;11;27/02/2012 18:15;Strada Urbana;VIA DI TOR CARBONE;all'intersezione con;VIA EVODIA;VIA EVODIA;;;Infortunio per caduta del veicolo;Intersezione stradale segnalata;Due carreggiate;Asciutto;Asfaltata;Verticale ed orizzontale;Sereno;Normale;Sufficiente;Sufficiente;1;0;0;3;;;-1;2;Motociclo a solo;In marcia / fermata / arresto;Conducente;M;Ricoverato;0;NON DECEDUTO;Non accertato;Inesistente
1903539;16;25/02/2012 12:10;Strada Urbana;VIALE DI TRASTEVERE;in prossimità;;del civico n. ;244/A;;Tamponamento;Rettilineo;Due carreggiate;Asciutto;Asfaltata;Verticale ed orizzontale;Sereno;Normale;Buona;Ore Diurne;0;0;0;2;;;-1;1;Autovettura privata;In marcia / fermata / arresto;Conducente;M;Illeso;0;;Non accertato;Inesistente
1903539;16;25/02/2012 12:10;Strada Urbana;VIALE DI TRASTEVERE;in prossimità;;del civico n. ;244/A;;Tamponamento;Rettilineo;Due carreggiate;Asciutto;Asfaltata;Verticale ed orizzontale;Sereno;Normale;Buona;Ore Diurne;0;0;0;2;;;-1;2;Autovettura privata;In marcia / fermata / arresto;Conducente;F;Illeso;0;;Non accertato;Inesistente
1903540;16;25/02/2012 18:30;Strada Urbana;VIA DI BRAVETTA;in corrispondenza;;del civico n. ;343;;Veicolo in marcia contro veicolo in sosta;Rettilineo;Una carreggiata a doppio senso;Asciutto;Asfaltata;Verticale ed orizzontale;Sereno;Normale;Buona;Sufficiente;0;0;0;2;;;-1;1;Autovettura privata;In marcia / fermata / arresto;Conducente;M;Illeso;0;;Non accertato;Inesistente
1903540;16;25/02/2012 18:30;Strada Urbana;VIA DI BRAVETTA;in corrispondenza;;del civico n. ;343;;Veicolo in marcia contro veicolo in sosta;Rettilineo;Una carreggiata a doppio senso;Asciutto;Asfaltata;Verticale ed orizzontale;Sereno;Normale;Buona;Sufficiente;0;0;0;2;;;-1;1;Autovettura privata;In marcia / fermata / arresto;Passeggero;F;Illeso;0;;Non accertato;Inesistente
1903541;8;27/02/2012 08:20;Strada Urbana;VIA ORAZIO BORGIANNI;all'intersezione con;VIA BERNARDO MINOZZI;VIA BERNARDO MINOZZI;;;Scontro frontale/laterale DX fra veicoli in marcia;Incrocio;Una carreggiata a senso unico di marcia;Asciutto;Asfaltata;Assente;Nebbia;Intenso;Insufficiente;Ore Diurne;1;0;0;2;;;-1;1;Autovettura privata;In marcia / fermata / arresto;Conducente;M;Illeso;0;;Non accertato;Inesploso
1903541;8;27/02/2012 08:20;Strada Urbana;VIA ORAZIO BORGIANNI;all'intersezione con;VIA BERNARDO MINOZZI;VIA BERNARDO MINOZZI;;;Scontro frontale/laterale DX fra veicoli in marcia;Incrocio;Una carreggiata a senso unico di marcia;Asciutto;Asfaltata;Assente;Nebbia;Intenso;Insufficiente;Ore Diurne;1;0;0;2;;;-1;1;Autovettura privata;In marcia / fermata / arresto;Passeggero;M;Rimandato;0;NON DECEDUTO;Non accertato;Inesistente
1903541;8;27/02/2012 08:20;Strada Urbana;VIA ORAZIO BORGIANNI;all'intersezione con;VIA BERNARDO MINOZZI;VIA BERNARDO MINOZZI;;;Scontro frontale/laterale DX fra veicoli in marcia;Incrocio;Una carreggiata a senso unico di marcia;Asciutto;Asfaltata;Assente;Nebbia;Intenso;Insufficiente;Ore Diurne;1;0;0;2;;;-1;2;Autovettura privata;In marcia / fermata / arresto;Conducente;F;Illeso;0;;Non accertato;Inesploso
1903542;8;27/02/2012 22:00;Strada Urbana;VIA DI TOR BELLA MONACA;all'intersezione semaforizzata con;VIALE PAOLO FERDINANDO QUAGLIA;VIALE PAOLO FERDINANDO QUAGLIA;;;Scontro frontale/laterale DX fra veicoli in marcia;Incrocio;Una carreggiata a senso unico di marcia;Asciutto;Asfaltata;Verticale ed orizzontale;Sereno;Scarso;Sufficiente;Sufficiente;1;0;0;0;;;-1;1;Autovettura privata;In marcia / fermata / arresto;Conducente;M;Rimandato;0;NON DECEDUTO;Non accertato;Inesistente
1903543;8;27/02/2012 13:00;Statale entro l'abitato;VIA CASILINA;in prossimità;;del palo luce n. ;87;;Veicolo in marcia contro ostacolo accidentale;Rettilineo;Due carreggiate;Sdrucciolevole (pietrisco);Asfaltata;Verticale ed orizzontale;Sereno;Normale;Buona;Ore Diurne;1;0;0;0;;;-1;1;Motociclo a solo;In marcia / fermata / arresto;Conducente;F;Rimandato;0;NON DECEDUTO;Non accertato;Inesistente
1903544;8;27/02/2012 12:30;Strada Urbana;VIA GIOVAMBATTISTA CREMA;all'intersezione con;VIA NICCOLO' CANNICCI;VIA NICCOLO' CANNICCI;;;Scontro frontale/laterale DX fra veicoli in marcia;Incrocio;Una carreggiata a doppio senso;Asciutto;Asfaltata;Assente;Sereno;Scarso;Buona;Ore Diurne;2;0;0;0;;;-1;1;Autovettura privata;In marcia / fermata / arresto;Conducente;M;Rimandato;0;NON DECEDUTO;Non accertato;Esploso
1903544;8;27/02/2012 12:30;Strada Urbana;VIA GIOVAMBATTISTA CREMA;all'intersezione con;VIA NICCOLO' CANNICCI;VIA NICCOLO' CANNICCI;;;Scontro frontale/laterale DX fra veicoli in marcia;Incrocio;Una carreggiata a doppio senso;Asciutto;Asfaltata;Assente;Sereno;Scarso;Buona;Ore Diurne;2;0;0;0;;;-1;2;Autovettura privata;In marcia / fermata / arresto;Conducente;F;Rifiuta cure immediate;0;NON DECEDUTO;Non accertato;Esploso
1903545;8;27/02/2012 16:15;Strada Urbana;VIALE OXFORD;all'intersezione con;VIALE HEIDELBERG;VIALE HEIDELBERG;;;Scontro laterale fra veicoli in marcia;Rotatoria;Una carreggiata a senso unico di marcia;Asciutto;Asfaltata;Verticale ed orizzontale;Sereno;Normale;Buona;Ore Diurne;0;0;0;3;;;-1;1;Autovettura privata;In marcia / fermata / arresto;Conducente;M;Illeso;0;;Non accertato;Inesploso
1903545;8;27/02/2012 16:15;Strada Urbana;VIALE OXFORD;all'intersezione con;VIALE HEIDELBERG;VIALE HEIDELBERG;;;Scontro laterale fra veicoli in marcia;Rotatoria;Una carreggiata a senso unico di marcia;Asciutto;Asfaltata;Verticale ed orizzontale;Sereno;Normale;Buona;Ore Diurne;0;0;0;3;;;-1;2;Autovettura privata;In marcia / fermata / arresto;Conducente;M;Illeso;0;;Non accertato;Inesploso
1903545;8;27/02/2012 16:15;Strada Urbana;VIALE OXFORD;all'intersezione con;VIALE HEIDELBERG;VIALE HEIDELBERG;;;Scontro laterale fra veicoli in marcia;Rotatoria;Una carreggiata a senso unico di marcia;Asciutto;Asfaltata;Verticale ed orizzontale;Sereno;Normale;Buona;Ore Diurne;0;0;0;3;;;-1;2;Autovettura privata;In marcia / fermata / arresto;Passeggero;F;Illeso;0;;Non accertato;Inesploso
1903546;6;27/02/2012 20:45;Strada Urbana;VIA CAMILLO MANFRONI;all'intersezione con;PIAZZA GIUSEPPE CARDINALI;PIAZZA GIUSEPPE CARDINALI;;;Scontro laterale fra veicoli in marcia;Incrocio;Una carreggiata a doppio senso;Asciutto;Asfaltata;Verticale ed orizzontale;Sereno;Normale;Sufficiente;Sufficiente;1;0;0;1;;;-1;1;Autovettura privata;In marcia / fermata / arresto;Conducente;F;Illeso;0;;Non accertato;Inesistente
1903546;6;27/02/2012 20:45;Strada Urbana;VIA CAMILLO MANFRONI;all'intersezione con;PIAZZA GIUSEPPE CARDINALI;PIAZZA GIUSEPPE CARDINALI;;;Scontro laterale fra veicoli in marcia;Incrocio;Una carreggiata a doppio senso;Asciutto;Asfaltata;Verticale ed orizzontale;Sereno;Normale;Sufficiente;Sufficiente;1;0;0;1;;;-1;2;Motociclo a solo;In marcia / fermata / arresto;Conducente;M;Rimandato;0;NON DECEDUTO;Non accertato;Inesistente
1903547;10;27/02/2012 16:15;Strada Urbana;VIA TUSCOLANA;all'intersezione semaforizzata con;VIA DEL QUADRARO;VIA DEL QUADRARO;;;Investimento di pedone;Intersezione semaforizzata;Una carreggiata a senso unico di marcia;Asciutto;Asfaltata;Verticale ed orizzontale;Sereno;Normale;Buona;Ore Diurne;1;0;0;1;;;-1;;;;Pedone;F;Rifiuta cure immediate;0;NON DECEDUTO;;
1903547;10;27/02/2012 16:15;Strada Urbana;VIA TUSCOLANA;all'intersezione semaforizzata con;VIA DEL QUADRARO;VIA DEL QUADRARO;;;Investimento di pedone;Intersezione semaforizzata;Una carreggiata a senso unico di marcia;Asciutto;Asfaltata;Verticale ed orizzontale;Sereno;Normale;Buona;Ore Diurne;1;0;0;1;;;-1;1;Autovettura privata;In marcia / fermata / arresto;Conducente;M;Illeso;0;;Non accertato;Inesistente
1903548;6;27/02/2012 20:00;Strada Urbana;VIA DI ACQUA BULLICANTE;all'intersezione semaforizzata con;VIA LUCHINO DAL VERME;VIA LUCHINO DAL VERME;;;Scontro frontale/laterale DX fra veicoli in marcia;Rotatoria;Una carreggiata a senso unico di marcia;Asciutto;Asfaltata;Verticale ed orizzontale;Sereno;Intenso;Buona;Sufficiente;1;0;0;1;;;-1;1;Autovettura privata;In marcia / fermata / arresto;Conducente;M;Illeso;0;;Non accertato;Inesistente
1903548;6;27/02/2012 20:00;Strada Urbana;VIA DI ACQUA BULLICANTE;all'intersezione semaforizzata con;VIA LUCHINO DAL VERME;VIA LUCHINO DAL VERME;;;Scontro frontale/laterale DX fra veicoli in marcia;Rotatoria;Una carreggiata a senso unico di marcia;Asciutto;Asfaltata;Verticale ed orizzontale;Sereno;Intenso;Buona;Sufficiente;1;0;0;1;;;-1;2;Motociclo a solo;In marcia / fermata / arresto;Conducente;M;Ricoverato;0;NON DECEDUTO;Non accertato;Inesistente
1903549;5;27/02/2012 12:35;Strada Urbana;VIA DELLA VANGA;da specificare;;;;ALTEZZA VIA MOZART;Scontro frontale/laterale DX fra veicoli in marcia;Rettilineo;Due carreggiate;Asciutto;Asfaltata;Verticale ed orizzontale;Sereno;Scarso;Buona;Ore Diurne;0;0;0;3;;;-1;1;Autovettura privata;In marcia / fermata / arresto;Conducente;M;Illeso;0;;Non accertato;Inesistente
1903549;5;27/02/2012 12:35;Strada Urbana;VIA DELLA VANGA;da specificare;;;;ALTEZZA VIA MOZART;Scontro frontale/laterale DX fra veicoli in marcia;Rettilineo;Due carreggiate;Asciutto;Asfaltata;Verticale ed orizzontale;Sereno;Scarso;Buona;Ore Diurne;0;0;0;3;;;-1;1;Autovettura privata;In marcia / fermata / arresto;Passeggero;F;Illeso;0;;Non accertato;Inesistente
1903549;5;27/02/2012 12:35;Strada Urbana;VIA DELLA VANGA;da specificare;;;;ALTEZZA VIA MOZART;Scontro frontale/laterale DX fra veicoli in marcia;Rettilineo;Due carreggiate;Asciutto;Asfaltata;Verticale ed orizzontale;Sereno;Scarso;Buona;Ore Diurne;0;0;0;3;;;-1;2;Autovettura privata;In marcia / fermata / arresto;Conducente;M;Illeso;0;;Non accertato;Inesistente
1903550;5;27/02/2012 13:30;Strada Urbana;VIALE SACCO E VANZETTI;da specificare;;;;ALTEZZA VIA SCALARINI;Investimento di pedone;Rettilineo;Due carreggiate;Asciutto;Asfaltata;Verticale ed orizzontale;Sereno;Scarso;Buona;Ore Diurne;1;0;0;2;;;-1;;;;Pedone;M;Rimandato;0;NON DECEDUTO;;
1903550;5;27/02/2012 13:30;Strada Urbana;VIALE SACCO E VANZETTI;da specificare;;;;ALTEZZA VIA SCALARINI;Investimento di pedone;Rettilineo;Due carreggiate;Asciutto;Asfaltata;Verticale ed orizzontale;Sereno;Scarso;Buona;Ore Diurne;1;0;0;2;;;-1;1;Autovettura privata;In marcia / fermata / arresto;Conducente;M;Illeso;0;;Non accertato;Inesistente
1903550;5;27/02/2012 13:30;Strada Urbana;VIALE SACCO E VANZETTI;da specificare;;;;ALTEZZA VIA SCALARINI;Investimento di pedone;Rettilineo;Due carreggiate;Asciutto;Asfaltata;Verticale ed orizzontale;Sereno;Scarso;Buona;Ore Diurne;1;0;0;2;;;-1;1;Autovettura privata;In marcia / fermata / arresto;Passeggero;M;Illeso;0;;Non accertato;Inesistente
1903551;5;27/02/2012 18:30;Strada Urbana;VIALE SACCO E VANZETTI;all'intersezione semaforizzata con;VIALE PALMIRO TOGLIATTI;VIALE PALMIRO TOGLIATTI;;;Scontro laterale fra veicoli in marcia;Incrocio;Due carreggiate;Asciutto;Asfaltata;Assente;Sereno;Intenso;Sufficiente;Sufficiente;0;0;0;3;;;-1;1;Autovettura privata;In marcia / fermata / arresto;Conducente;M;Illeso;0;;Non accertato;Inesistente
1903551;5;27/02/2012 18:30;Strada Urbana;VIALE SACCO E VANZETTI;all'intersezione semaforizzata con;VIALE PALMIRO TOGLIATTI;VIALE PALMIRO TOGLIATTI;;;Scontro laterale fra veicoli in marcia;Incrocio;Due carreggiate;Asciutto;Asfaltata;Assente;Sereno;Intenso;Sufficiente;Sufficiente;0;0;0;3;;;-1;1;Autovettura privata;In marcia / fermata / arresto;Passeggero;M;Illeso;0;;Non accertato;Inesistente
1903551;5;27/02/2012 18:30;Strada Urbana;VIALE SACCO E VANZETTI;all'intersezione semaforizzata con;VIALE PALMIRO TOGLIATTI;VIALE PALMIRO TOGLIATTI;;;Scontro laterale fra veicoli in marcia;Incrocio;Due carreggiate;Asciutto;Asfaltata;Assente;Sereno;Intenso;Sufficiente;Sufficiente;0;0;0;3;;;-1;2;Autovettura privata;In marcia / fermata / arresto;Conducente;M;Illeso;0;;Non accertato;Inesistente
1903552;5;28/02/2012 00:10;Strada Urbana;VIA TIBURTINA;all'intersezione semaforizzata con;VIA LANCIANO;VIA LANCIANO;;;Scontro frontale/laterale SX fra veicoli in marcia;Intersezione semaforizzata;Una carreggiata a doppio senso;Asciutto;Asfaltata;Verticale ed orizzontale;Sereno;Scarso;Sufficiente;Sufficiente;0;0;0;5;;;-1;1;Autovettura privata;In marcia / fermata / arresto;Conducente;M;Illeso;0;;Non accertato;Inesistente
1903552;5;28/02/2012 00:10;Strada Urbana;VIA TIBURTINA;all'intersezione semaforizzata con;VIA LANCIANO;VIA LANCIANO;;;Scontro frontale/laterale SX fra veicoli in marcia;Intersezione semaforizzata;Una carreggiata a doppio senso;Asciutto;Asfaltata;Verticale ed orizzontale;Sereno;Scarso;Sufficiente;Sufficiente;0;0;0;5;;;-1;1;Autovettura privata;In marcia / fermata / arresto;Passeggero;M;Illeso;0;;Non accertato;Inesistente
1903552;5;28/02/2012 00:10;Strada Urbana;VIA TIBURTINA;all'intersezione semaforizzata con;VIA LANCIANO;VIA LANCIANO;;;Scontro frontale/laterale SX fra veicoli in marcia;Intersezione semaforizzata;Una carreggiata a doppio senso;Asciutto;Asfaltata;Verticale ed orizzontale;Sereno;Scarso;Sufficiente;Sufficiente;0;0;0;5;;;-1;1;Autovettura privata;In marcia / fermata / arresto;Passeggero;M;Illeso;0;;Non accertato;Inesistente
1903552;5;28/02/2012 00:10;Strada Urbana;VIA TIBURTINA;all'intersezione semaforizzata con;VIA LANCIANO;VIA LANCIANO;;;Scontro frontale/laterale SX fra veicoli in marcia;Intersezione semaforizzata;Una carreggiata a doppio senso;Asciutto;Asfaltata;Verticale ed orizzontale;Sereno;Scarso;Sufficiente;Sufficiente;0;0;0;5;;;-1;2;Autovettura privata;In marcia / fermata / arresto;Conducente;M;Illeso;0;;Non accertato;Inesistente
1903552;5;28/02/2012 00:10;Strada Urbana;VIA TIBURTINA;all'intersezione semaforizzata con;VIA LANCIANO;VIA LANCIANO;;;Scontro frontale/laterale SX fra veicoli in marcia;Intersezione semaforizzata;Una carreggiata a doppio senso;Asciutto;Asfaltata;Verticale ed orizzontale;Sereno;Scarso;Sufficiente;Sufficiente;0;0;0;5;;;-1;2;Autovettura privata;In marcia / fermata / arresto;Passeggero;F;Illeso;0;;Non accertato;Inesistente
1903553;13;27/02/2012 20:15;Strada Urbana;VIA DEI PESCATORI;da specificare;;;;PROSS. CASTEL FUSANO;Tamponamento;Rettilineo;Una carreggiata a doppio senso;Asciutto;Asfaltata;Orizzontale;Sereno;Normale;Buona;Sufficiente;0;0;0;1;;;-1;1;Autovettura privata;In marcia / fermata / arresto;Conducente;F;Illeso;0;;Non accertato;Inesploso
1903554;20;27/02/2012 10:45;Strada Urbana;VIA DELLA GIUSTINIANA;in prossimità;;del civico n. ;4;;Veicolo in marcia contro veicolo in sosta;Rettilineo;Una carreggiata a doppio senso;Asciutto;Asfaltata;Verticale ed orizzontale;Sereno;Normale;Buona;Ore Diurne;0;0;0;2;;;-1;1;Autocarro inferiore 35 q.;In marcia / fermata / arresto;Conducente;M;Illeso;0;;Utilizzato;Inesploso
1903554;20;27/02/2012 10:45;Strada Urbana;VIA DELLA GIUSTINIANA;in prossimità;;del civico n. ;4;;Veicolo in marcia contro veicolo in sosta;Rettilineo;Una carreggiata a doppio senso;Asciutto;Asfaltata;Verticale ed orizzontale;Sereno;Normale;Buona;Ore Diurne;0;0;0;2;;;-1;2;Autobus urbano;In marcia / fermata / arresto;Conducente;M;Illeso;0;;Esente;Inesistente
1903555;20;27/02/2012 14:00;Strada Urbana;VIA DI GROTTAROSSA;in prossimità;;del civico n. ;333;;Veicolo in marcia contro ostacolo fisso;Curva senza visuale libera;Una carreggiata a doppio senso;Asciutto;Asfaltata;Orizzontale;Sereno;Scarso;Buona;Ore Diurne;2;0;0;0;;;-1;1;Quadriciclo leggero;In marcia / fermata / arresto;Conducente;F;Ricoverato;0;NON DECEDUTO;Non accertato;Inesistente
1903555;20;27/02/2012 14:00;Strada Urbana;VIA DI GROTTAROSSA;in prossimità;;del civico n. ;333;;Veicolo in marcia contro ostacolo fisso;Curva senza visuale libera;Una carreggiata a doppio senso;Asciutto;Asfaltata;Orizzontale;Sereno;Scarso;Buona;Ore Diurne;2;0;0;0;;;-1;1;Quadriciclo leggero;In marcia / fermata / arresto;Passeggero;F;Ricoverato;0;NON DECEDUTO;Non accertato;Inesistente
1903556;20;27/02/2012 15:50;Strada Urbana;VIALE DI TOR DI QUINTO;da specificare;;;;direz. GRA - tangenziale;Tamponamento Multiplo;Rettilineo;Due carreggiate;Asciutto;Asfaltata;Verticale ed orizzontale;Sereno;Intenso;Buona;Ore Diurne;3;0;0;2;;;-1;1;Autovettura pubblica;In marcia / fermata / arresto;Conducente;M;Rifiuta cure immediate;0;NON DECEDUTO;Non accertato;Inesploso
1903556;20;27/02/2012 15:50;Strada Urbana;VIALE DI TOR DI QUINTO;da specificare;;;;direz. GRA - tangenziale;Tamponamento Multiplo;Rettilineo;Due carreggiate;Asciutto;Asfaltata;Verticale ed orizzontale;Sereno;Intenso;Buona;Ore Diurne;3;0;0;2;;;-1;1;Autovettura pubblica;In marcia / fermata / arresto;Passeggero;M;Illeso;0;;Non accertato;Inesistente
1903556;20;27/02/2012 15:50;Strada Urbana;VIALE DI TOR DI QUINTO;da specificare;;;;direz. GRA - tangenziale;Tamponamento Multiplo;Rettilineo;Due carreggiate;Asciutto;Asfaltata;Verticale ed orizzontale;Sereno;Intenso;Buona;Ore Diurne;3;0;0;2;;;-1;1;Autovettura pubblica;In marcia / fermata / arresto;Passeggero;M;Illeso;0;;Non accertato;Inesistente
1903556;20;27/02/2012 15:50;Strada Urbana;VIALE DI TOR DI QUINTO;da specificare;;;;direz. GRA - tangenziale;Tamponamento Multiplo;Rettilineo;Due carreggiate;Asciutto;Asfaltata;Verticale ed orizzontale;Sereno;Intenso;Buona;Ore Diurne;3;0;0;2;;;-1;2;Autovettura privata;In marcia / fermata / arresto;Conducente;M;Rimandato;0;NON DECEDUTO;Non accertato;Esploso
1903556;20;27/02/2012 15:50;Strada Urbana;VIALE DI TOR DI QUINTO;da specificare;;;;direz. GRA - tangenziale;Tamponamento Multiplo;Rettilineo;Due carreggiate;Asciutto;Asfaltata;Verticale ed orizzontale;Sereno;Intenso;Buona;Ore Diurne;3;0;0;2;;;-1;3;Autovettura privata;In marcia / fermata / arresto;Conducente;F;Rimandato;0;NON DECEDUTO;Non accertato;Esploso
1903557;16;26/02/2012 16:15;Strada Urbana;VIA LEONE XIII;in corrispondenza;;del palo luce n. ;26;;Tamponamento;Rettilineo;Due carreggiate;Asciutto;Asfaltata;Orizzontale;Sereno;Normale;Buona;Ore Diurne;0;0;0;1;;;-1;1;Autovettura privata;In marcia / fermata / arresto;Conducente;F;Illeso;0;;Non accertato;Inesistente
1903558;11;27/02/2012 08:00;Strada Urbana;VIA DEI LINCEI;da specificare;;;;pross. civ. 123;Veicolo in marcia contro veicolo in sosta;Rettilineo;Una carreggiata a senso unico di marcia;Asciutto;Asfaltata;Assente;Sereno;Scarso;Buona;Ore Diurne;0;0;0;3;;;-1;1;Autovettura di polizia;In marcia / fermata / arresto;Conducente;M;Illeso;0;;Non accertato;Inesistente
1903558;11;27/02/2012 08:00;Strada Urbana;VIA DEI LINCEI;da specificare;;;;pross. civ. 123;Veicolo in marcia contro veicolo in sosta;Rettilineo;Una carreggiata a senso unico di marcia;Asciutto;Asfaltata;Assente;Sereno;Scarso;Buona;Ore Diurne;0;0;0;3;;;-1;1;Autovettura di polizia;In marcia / fermata / arresto;Passeggero;M;Illeso;0;;Non accertato;Inesistente
1903558;11;27/02/2012 08:00;Strada Urbana;VIA DEI LINCEI;da specificare;;;;pross. civ. 123;Veicolo in marcia contro veicolo in sosta;Rettilineo;Una carreggiata a senso unico di marcia;Asciutto;Asfaltata;Assente;Sereno;Scarso;Buona;Ore Diurne;0;0;0;3;;;-1;1;Autovettura di polizia;In marcia / fermata / arresto;Passeggero;M;Illeso;0;;Non accertato;Inesistente
1903559;11;27/02/2012 11:45;Strada Urbana;VIA DELLA VASCA NAVALE;all'intersezione semaforizzata con;VIALE GUGLIELMO MARCONI;VIALE GUGLIELMO MARCONI;;;Tamponamento;Intersezione semaforizzata;Una carreggiata a doppio senso;Asciutto;Asfaltata;Temporanea di cantiere;Sereno;Scarso;Buona;Ore Diurne;0;0;0;6;;;-1;1;Autovettura privata;In marcia / fermata / arresto;Conducente;M;Illeso;0;;Utilizzato;Inesistente
1903559;11;27/02/2012 11:45;Strada Urbana;VIA DELLA VASCA NAVALE;all'intersezione semaforizzata con;VIALE GUGLIELMO MARCONI;VIALE GUGLIELMO MARCONI;;;Tamponamento;Intersezione semaforizzata;Una carreggiata a doppio senso;Asciutto;Asfaltata;Temporanea di cantiere;Sereno;Scarso;Buona;Ore Diurne;0;0;0;6;;;-1;1;Autovettura privata;In marcia / fermata / arresto;Passeggero;M;Illeso;0;;Utilizzato;Inesistente
1903559;11;27/02/2012 11:45;Strada Urbana;VIA DELLA VASCA NAVALE;all'intersezione semaforizzata con;VIALE GUGLIELMO MARCONI;VIALE GUGLIELMO MARCONI;;;Tamponamento;Intersezione semaforizzata;Una carreggiata a doppio senso;Asciutto;Asfaltata;Temporanea di cantiere;Sereno;Scarso;Buona;Ore Diurne;0;0;0;6;;;-1;1;Autovettura privata;In marcia / fermata / arresto;Passeggero;M;Illeso;0;;Utilizzato;Inesistente
1903559;11;27/02/2012 11:45;Strada Urbana;VIA DELLA VASCA NAVALE;all'intersezione semaforizzata con;VIALE GUGLIELMO MARCONI;VIALE GUGLIELMO MARCONI;;;Tamponamento;Intersezione semaforizzata;Una carreggiata a doppio senso;Asciutto;Asfaltata;Temporanea di cantiere;Sereno;Scarso;Buona;Ore Diurne;0;0;0;6;;;-1;2;Autovettura privata;In marcia / fermata / arresto;Conducente;F;Illeso;0;;Utilizzato;Inesistente
1903559;11;27/02/2012 11:45;Strada Urbana;VIA DELLA VASCA NAVALE;all'intersezione semaforizzata con;VIALE GUGLIELMO MARCONI;VIALE GUGLIELMO MARCONI;;;Tamponamento;Intersezione semaforizzata;Una carreggiata a doppio senso;Asciutto;Asfaltata;Temporanea di cantiere;Sereno;Scarso;Buona;Ore Diurne;0;0;0;6;;;-1;2;Autovettura privata;In marcia / fermata / arresto;Passeggero;F;Illeso;0;;Utilizzato;Inesistente
1903560;1;27/02/2012 18:05;Strada Urbana;VIA DEI FORI IMPERIALI;all'intersezione con;VIA DI S. PIETRO IN CARCERE;VIA DI S. PIETRO IN CARCERE;;;Scontro frontale fra veicoli in marcia;Incrocio;Una carreggiata a doppio senso;Asciutto;In cubetti di porfido;Verticale ed orizzontale;Nuvoloso;Normale;Sufficiente;Sufficiente;2;0;0;0;;;-1;1;Motociclo a solo;In marcia / fermata / arresto;Conducente;M;Rimandato;0;NON DECEDUTO;Non accertato;Inesistente
1903560;1;27/02/2012 18:05;Strada Urbana;VIA DEI FORI IMPERIALI;all'intersezione con;VIA DI S. PIETRO IN CARCERE;VIA DI S. PIETRO IN CARCERE;;;Scontro frontale fra veicoli in marcia;Incrocio;Una carreggiata a doppio senso;Asciutto;In cubetti di porfido;Verticale ed orizzontale;Nuvoloso;Normale;Sufficiente;Sufficiente;2;0;0;0;;;-1;2;Motociclo a solo;In marcia / fermata / arresto;Conducente;M;Rifiuta cure immediate;0;NON DECEDUTO;Non accertato;Inesistente
1903562;13;27/02/2012 17:10;Strada Urbana;VIALE DI CASTEL PORZIANO;all'intersezione con;VIA DELLA CACCIUTA;VIA DELLA CACCIUTA;;;Scontro frontale/laterale DX fra veicoli in marcia;Incrocio;Una carreggiata a doppio senso;Asciutto;Asfaltata;Verticale ed orizzontale;Sereno;Normale;Sufficiente;Ore Diurne;0;0;0;4;;;-1;1;Autovettura privata;In marcia / fermata / arresto;Conducente;F;Illeso;0;;Non accertato;Inesploso
1903562;13;27/02/2012 17:10;Strada Urbana;VIALE DI CASTEL PORZIANO;all'intersezione con;VIA DELLA CACCIUTA;VIA DELLA CACCIUTA;;;Scontro frontale/laterale DX fra veicoli in marcia;Incrocio;Una carreggiata a doppio senso;Asciutto;Asfaltata;Verticale ed orizzontale;Sereno;Normale;Sufficiente;Ore Diurne;0;0;0;4;;;-1;2;Autovettura privata;In marcia / fermata / arresto;Conducente;M;Illeso;0;;Non accertato;Inesistente
1903562;13;27/02/2012 17:10;Strada Urbana;VIALE DI CASTEL PORZIANO;all'intersezione con;VIA DELLA CACCIUTA;VIA DELLA CACCIUTA;;;Scontro frontale/laterale DX fra veicoli in marcia;Incrocio;Una carreggiata a doppio senso;Asciutto;Asfaltata;Verticale ed orizzontale;Sereno;Normale;Sufficiente;Ore Diurne;0;0;0;4;;;-1;2;Autovettura privata;In marcia / fermata / arresto;Passeggero;M;Illeso;0;;Non accertato;Inesistente